,A,B,C,D
2014-01-31,151.6551700784632,195.8536374452709,923.8692482466025,306.5144877028138
2014-02-28,152.60367787532095,195.93278499113575,1166.9430149989914,320.6832163642505
2014-03-31,155.66236596096923,193.98618963795593,1315.97764236747,104.36027038088223
2014-04-30,159.2323925387833,193.5898118058582,194.870769960872,206.5535576232338
2014-05-31,150.02881128593768,195.94997023626365,139.86243606878503,247.19571106784278
2014-06-30,152.7605635838827,198.0048462984539,210.0012616927282,23.547435613263296
2014-07-31,153.45451666418748,197.82516914017128,213.98778247259384,77.80917668508873
2014-08-31,158.16294672840868,195.12903122580485,212.9490458556073,155.0830823490941
2014-09-30,153.47631880421085,195.20319752853138,434.28225110568184,17.422615260996434
2014-10-31,158.9859847519549,194.33617748178756,215.9953381446713,313.0918908235552
2014-11-30,152.46842203748304,194.92487879155522,210.0012616927282,34.923826361819295
2014-12-31,168.61928380867275,197.98263717180728,213.9967764241701,27.983508826646982
2015-01-31,151.74999574864637,193.69452803254342,181.2681747229268,9.854150015331983
2015-02-28,150.93517626782577,194.14572453808142,214.9949456866761,67.26347085227067
2015-03-31,150.82267571529715,193.95314957936284,1027.8985577827457,22.173734689748628
2015-04-30,159.2323925387833,196.05764181252934,211.71395310125354,22.173734689748628
2015-05-31,154.61700045008348,193.9943569976729,434.28225110568184,103.50622040286689
2015-06-30,154.21076311365556,194.02845077989585,208.00417932774582,192.76724679990963
2015-07-31,151.51970100283864,195.06086339477034,213.99953716198087,91.02324474064903
2015-08-31,150.62005767448704,194.3590565560204,375.0858663592128,75.46719148087176
2015-09-30,150.30051909356519,195.08907196395498,214.64104681654464,172.71281698772856
2015-10-31,151.11847459522647,195.10253103864568,130.2730214575077,6.933867321248184
2015-11-30,150.8093357848541,196.00239136266237,226.87635182889056,260.7812532325975
2015-12-31,154.62119822876818,195.06086175968437,418.883472420086,81.32122948669215
2016-01-31,151.81623319964046,194.97977690869806,210.9473428389066,247.19571106784278
2016-02-29,152.82435662405874,193.95314958268324,310.0851664061884,14.478457799643799
2016-03-31,158.2972804624942,194.02845077989585,202.27214271855206,114.87085879424538
2016-04-30,158.17615393094727,195.10253103864568,298.28446015809976,227.9154716136021
2016-05-31,153.22870006685045,195.08465843566285,211.35413426222047,192.76724679990963
2016-06-30,151.70171048426087,194.39544278489015,1027.8985577827457,306.5144877028138
2016-07-31,150.18904694483106,194.40371332728205,130.2730214575077,74.68456615800973
2016-08-31,154.70479681869872,193.7851028023908,211.9774506797394,47.81762562474232
2016-09-30,156.47247079252605,195.70505101183835,142.8623606842822,19.950461157203872
2016-10-31,151.85918866443828,193.9943569976729,211.00129389185463,171.82898658706569
2016-11-30,159.18156937787862,194.0284507798935,1110.1563605264148,125.11518894776873
2016-12-31,161.47814061753883,194.23680410007086,630.0687302866603,119.9568861127527
2017-01-31,154.18815645624207,195.10243830620465,213.41525061854563,127.40767645602243
2017-02-28,150.42845688127255,195.70505101183838,347.8862225413307,234.39861948164074
2017-03-31,153.45451666418748,193.95314957936284,235.8777268898997,63.35207129168546
2017-04-30,154.33442251346202,194.92487807321024,187.8694414701766,14.478457799643799
2017-05-31,150.2612890298004,197.82415912075174,150.06284953359778,37.486403345165535
2017-06-30,153.8437441728739,194.08167090063787,212.97709421003026,43.68716110682601
2017-07-31,160.00334423623622,194.14572297271533,713.267943264943,22.173734689748628
2017-08-31,150.24862131089256,195.9327849911357,213.00087623058369,93.46753053044426
2017-09-30,150.6697879483171,194.3590565560204,142.8623606842822,280.2533232765513
2017-10-31,157.39465129146083,194.06962236947973,211.9706692813258,27.06211635446597
2017-11-30,154.87450557148222,194.92487807321024,210.82166835308158,201.8643803703426
2017-12-31,152.7247539488981,195.08907196395498,418.883472420086,213.7699005375591
2018-01-31,151.6551700784632,194.9851632373667,212.80415249789695,300.60689700691324
2018-02-28,154.09311336498607,194.98844666748764,209.0059567813948,103.50622040286689
2018-03-31,156.49051796968342,194.87814727964903,691.8680150667113,228.51191011624772
2018-04-30,151.63621209422087,193.9799762590346,403.8845088796376,96.94825901020866
2018-05-31,155.97262892088173,194.00735612592035,139.86243606878503,28.604854382011297
2018-06-30,158.42856613552001,198.00484618635187,211.00129389185463,212.3518589478792
2018-07-31,154.70479681869872,197.84665982779052,691.8680150667113,75.05136206172224
2018-08-31,151.4672596041459,195.8536374452709,630.0687302866603,146.27306422677347
2018-09-30,152.54780832842178,195.08907196395498,139.86243606878503,184.13616337659073
2018-10-31,153.9816928054645,193.9464996251173,215.9953381446713,121.42088159701372
2018-11-30,153.47631880421085,197.98263717180728,146.2625043313734,8.847595273297475
2018-12-31,154.70479681869872,194.13437049810108,211.4513799609478,102.75233710276676
2019-01-31,151.97870462039043,194.0284507798935,175.0669871955835,4.8970446951159
2019-02-28,150.76869890124277,193.9943569976729,949.2728565238418,37.486403345165535
2019-03-31,156.47247079252605,193.96074370996752,213.00774542210047,240.70622079366169
2019-04-30,155.66236596096923,195.70989724730057,158.8640746976021,127.40767645602243
2019-05-31,150.93427859110994,195.94997023626365,802.8675099130011,67.30080033881015
2019-06-30,151.3027160362161,195.93282364964927,214.4507806802352,183.44414080278563
2019-07-31,149.9776596672085,196.11276545926017,214.64104681654464,61.44364995546688
2019-08-31,151.14329269380892,193.9943569976729,209.0059567813948,5.964368043460034
2019-09-30,157.39465129146083,195.85363744541476,245.27905883558878,313.0918908235552
2019-10-31,156.32297730265526,194.3590565560204,135.06331383841672,12.296261207189806
2019-11-30,158.5348574518671,194.97977693716294,211.79702235620508,221.57178254580293
2019-12-31,150.86233299286357,193.69452803254342,212.32312553437103,234.39861948164074
2020-01-31,152.40192697190304,194.19445859247855,334.8860650742648,329.71320497119257
2020-02-29,152.19177068536345,195.08907196395498,212.99777231042032,144.62448982952745
2020-03-31,151.51970100283864,196.05764181613958,213.12334404108398,253.5452454293098
2020-04-30,161.32742423269562,196.05764181613958,334.8860650742648,5.625872642878541
2020-05-31,153.8437441728739,194.0721800138945,553.2721150563079,75.46719148087176
2020-06-30,154.70479681869872,194.39544278489015,209.0059567813948,111.48118998527279
2020-07-31,150.32555127669036,196.05764181635672,210.3921653088454,75.05136206172224
2020-08-31,154.25556753366183,196.05764181252934,208.0036398145493,22.868816049700378
2020-09-30,153.66473936118848,194.92487879155522,208.99838939709093,279.36701816152777
2020-10-31,154.33442251346202,195.70508832359275,131.86527745195605,213.27080846792825
2020-11-30,161.07427454508024,195.82693343330521,213.12334404108398,306.5144877028138
2020-12-31,153.37851627986197,194.14572297271425,211.35413426222047,17.422615260996434
2021-01-31,150.12310427906368,193.8791025766222,211.94495970405012,285.40897723766767
2021-02-28,155.66236596096923,194.09054039939645,211.71395310125354,74.68456615800973
2021-03-31,150.18904694483106,194.19445859247855,213.12334404108398,13.442227626135157
2021-04-30,158.16294672840868,193.9799762590346,209.0006809251466,5.014827636702423
2021-05-31,151.85918866443828,195.11312153266147,213.99953716198087,119.9568861127527
2021-06-30,158.2972804624942,193.7851028023908,212.400518954986,159.28705595910654
2021-07-31,150.89516772904153,195.1466061658809,403.8845088796376,42.39914205326255
2021-08-31,157.1338790837359,197.82244786329247,553.2721150563079,159.28705595910654
2021-09-30,153.05498584510295,195.8536374452709,210.95927541415165,313.0918908235552
2021-10-31,151.81623319964046,195.8536374399056,139.8962765873311,329.71320497119257
2021-11-30,150.85955954307528,193.87910343906762,214.12751682576464,169.02757695322256
2021-12-31,153.47631880421085,193.95314958268324,209.6931658297765,290.14900621436743
2022-01-31,150.63803402744412,194.97977690870232,212.99777231042032,13.442227626135157
2022-02-28,158.16294672840868,193.61228024842922,215.0824934154358,17.422615260996434
2022-03-31,154.70479681869872,195.20319753337748,181.2681747229268,172.71281698772856
2022-04-30,151.7948854955249,194.08167090063787,235.8777268898997,186.09553566675552
2022-05-31,155.97262892088173,195.1466061658809,154.26337881449433,247.19571106784278
2022-06-30,168.61928380867275,195.1466061658809,215.93491008660556,5.964368043460034
2022-07-31,158.22402396611415,193.96074372057916,135.06331383841672,82.78852543731688
2022-08-31,152.0180868102316,193.87910343906762,213.12334404108398,23.547435613263296
2022-09-30,152.3612358085057,194.0696223718767,215.9521088357049,323.12026529254103
2022-10-31,150.93427859110994,193.97997671762,194.870769960872,13.49174463451853
2022-11-30,151.44087713258511,194.98844628036628,670.8681456916885,23.547435613263296
2022-12-31,153.5485244403176,197.82244786329247,214.26618245546797,85.65907865435688
2023-01-31,154.1694095879591,195.9327849911357,212.97709421003026,74.68456615800973
2023-02-28,152.58243252075314,193.9799762590346,215.93491008660556,183.44414080278563
2023-03-31,157.1338790837359,193.69452803254342,213.12334404108398,96.94825901020866
2023-04-30,162.85711822677627,194.87814728355684,130.0705646676583,230.59586428136714
2023-05-31,150.9353329286265,194.14572297271533,517.2748671639262,104.36027038088223
2023-06-30,150.8093357848541,194.0816709307033,975.0786335121522,127.40767645602243
2023-07-31,154.70479681869872,195.70508832359275,403.8845088796376,228.51191011624772
2023-08-31,150.28560169588388,195.82693343330521,194.870769960872,186.09553566675552
2023-09-30,151.6551700784632,194.92487879155718,213.00087623058369,14.478457799643799
2023-10-31,150.62005767448704,194.13290734090108,146.2625043313734,8.980406820288628
2023-11-30,153.18574375457266,194.97977693716294,210.61530751613765,60.420976123130416
2023-12-31,150.02881128593768,194.09054039939645,135.08678657894046,134.20487145931472
2024-01-31,152.0504252541665,194.30318968808018,212.0023880896305,127.40767645602243
2024-02-29,150.42845688127255,194.39544799985987,517.2748671639262,149.64898796232708
2024-03-31,150.12310427906368,194.02664434335952,212.32312553437103,329.71320497119257
2024-04-30,169.356161290994,193.9799762590346,553.2721150563079,208.75663160382936
2024-05-31,158.94200261138306,196.06887476411444,215.9953381446713,144.72342286737884
2024-06-30,150.32555127669036,193.57427635314326,850.0667752794126,95.57743360243086
2024-07-31,153.85887207034483,194.08208533920117,210.3921653088454,313.0918908235552
2024-08-31,150.820033977101,195.82693343330521,1225.045883665712,27.06211635446597
2024-09-30,157.1909239117949,194.02192946950382,210.9473428389066,119.9568861127527
2024-10-31,151.6551700784632,194.98844666749187,975.0786335121522,67.26347085227067
2024-11-30,152.18057773165907,193.96074372057916,347.8862225413307,187.61335893954637
2024-12-31,156.1371827321413,195.13661842007048,213.9967764241701,159.28705595910654
2025-01-31,152.08751705210003,194.8594208563772,298.28446015809976,182.29402668370733
2025-02-28,150.62005767448704,194.00735612592035,212.23110820837007,3.4259862942499364
2025-03-31,153.8437441728739,194.07735244675845,310.0851664061884,33.10517170869552
2025-04-30,150.85955954307528,197.82415912075174,850.0667752794126,168.40835411447782
2025-05-31,151.37166578434827,197.82415912075174,213.01752021498734,212.3518589478792
2025-06-30,150.64352386076007,195.10253103864568,181.2681747229268,73.0985202875328
2025-07-31,158.17615393094727,194.40502591318494,213.15178530318985,19.950461157203872
2025-08-31,152.18057773165907,195.70989724730035,214.76323695035958,61.44364995546688
2025-09-30,153.33511316956537,194.13294097916446,213.01258868146567,42.39914205326255
2025-10-31,152.40192697190304,194.13436221653077,211.5332382051225,227.9154716136021
2025-11-30,151.85918866443828,193.79468103858937,215.0001910161043,285.40897723766767
2025-12-31,150.2612890298004,197.98263717180728,212.34542634637128,22.624206705136423
2026-01-31,155.66236596096923,193.57339711348436,210.61530751613765,168.40835411447782
2026-02-28,150.19731257942942,194.39544278489066,208.00417932774582,163.55718762553718
2026-03-31,150.8901285034769,194.97977690869806,137.2912997321121,27.06211635446597
2026-04-30,150.93517626782577,195.10253103864568,213.15178530318985,16.194362329616187
2026-05-31,150.1130638502397,197.82415912075174,212.80415249789695,8.847595273297475
2026-06-30,158.42856613552001,194.03484460820926,275.882621216126,82.73344838126349
2026-07-31,158.2972804624942,195.20319752853138,208.0161452734469,216.98836357671644
2026-08-31,150.62678780743562,195.94997023626365,450.0808876636553,280.7533519956419
2026-09-30,157.1338790837359,194.09151812925268,347.8862225413307,37.3585978489442
2026-10-31,158.9859847519549,195.70989305497582,211.00992253531294,102.75233710276676
2026-11-30,150.32555127669036,194.02664434335952,211.00129389185463,168.40835411447782
2026-12-31,151.97035089788926,194.02664434335952,213.08387271999794,103.37995440727339
2027-01-31,167.38043158514054,194.0816709307033,212.00212283915843,44.281153455617314
2027-02-28,154.18815645624207,195.91255628499638,213.99953716198087,29.626133941066467
2027-03-31,158.22501438950133,194.9851632373667,210.61530751613765,30.425932244130962
2027-04-30,151.4672596041459,194.9851632373667,150.06284953359778,300.4703628375844
2027-05-31,153.66473936118848,197.99523322963108,275.882621216126,144.62448982952745
2027-06-30,153.29660598685695,194.39544278489066,211.35413426222047,193.93833221383176
2027-07-31,158.2972804624942,194.40492571245213,213.15178530318985,13.49174463451853
2027-08-31,158.5348574518671,195.0686988042287,133.28271965135514,62.363057267840496
2027-09-30,150.62678780743562,193.98618965240266,434.28225110568184,96.94825901020866
2027-10-31,156.05349553776287,193.95314957936284,212.92796426310971,5.427658582835488
2027-11-30,152.2889085801687,195.20319752810767,779.8677136104124,5.014827636702423
2027-12-31,150.6968511567432,197.98263717180728,215.9953381446713,75.46719148087176
2028-01-31,168.61928380867275,195.12903122580485,215.93491008660556,102.75233710276676
2028-02-29,157.1338790837359,194.0721800138945,210.0012616927282,5.625872642878541
2028-03-31,150.93427859110994,194.87814727953125,194.870769960872,82.73344838126349
2028-04-30,158.16294672840868,194.31285182616838,286.8836059359253,57.006397714154396
2028-05-31,152.40192697190304,193.9943569976729,211.94495970405012,13.49174463451853
2028-06-30,154.27003401087117,195.70989724730057,347.8862225413307,172.8254080375431
2028-07-31,153.58802135387697,194.31285182616838,210.0735422667558,213.7699005375591
2028-08-31,150.8093357848541,194.1329409791644,1166.9430149989914,19.950461157203872
2028-09-30,160.00334423623622,196.06887476411444,213.80194601931862,261.84999115679466
2028-10-31,153.58802135387697,194.09151812925268,213.01752021498734,55.358373174382905
2028-11-30,153.5485244403176,193.95314958268324,482.8779053056554,82.78852543731688
2028-12-31,152.46842203748304,193.9531495788236,135.06331383841672,183.44414080278563
2029-01-31,152.19006369303693,194.13436221653077,235.8777268898997,5.427658582835488
2029-02-28,155.02893548100863,195.94997023626365,949.2728565238418,77.80917668508873
2029-03-31,151.0001348335129,194.33617748178756,181.2681747229268,114.87085879424538
2029-04-30,154.87450557148222,194.19445857355024,209.93643329940616,4.780371449299091
2029-05-31,159.70065279127928,193.95314957936284,133.28271965135514,138.2179896967246
2029-06-30,156.49051796968342,195.12888272748896,187.8694414701766,74.68456615800973
2029-07-31,151.0001348335129,193.98618965240266,213.999809742259,69.09650052388503
2029-08-31,150.88827710543643,198.00484618635187,1082.3327493799015,253.5452454293098
2029-09-30,154.27003401087117,194.87814728355684,450.0808876636553,74.68456615800973
2029-10-31,152.29680136114442,195.8780499673094,214.0018317271578,50.223365504941995
2029-11-30,150.63306917957493,194.19445859247855,245.27905883558878,27.983508826646982
2029-12-31,152.65267022836912,194.13437049810108,322.2857072037305,19.950461157203872
2030-01-31,152.7605635838827,196.10396515637427,517.2748671639262,163.55718762553718
2030-02-28,153.33511316956537,193.9531495788236,1082.3327493799015,280.7533519956419
2030-03-31,150.82267571529715,194.98844666749187,218.2749511290223,132.5630937333384
2030-04-30,154.44660182983728,194.98844666749187,181.2681747229268,198.35856112049862
2030-05-31,153.29660598685695,193.70106712627393,213.12841266675605,258.0016693176739
2030-06-30,153.5485244403176,196.05764181252934,713.267943264943,22.173734689748628
2030-07-31,158.9859847519549,195.91255628499638,209.9982886091594,240.98979741559162
2030-08-31,153.37910424565868,194.03484460820926,735.0678935675356,6.111047596515698
2030-09-30,158.71898845844228,193.8086688172372,213.02063461615762,159.28705595910654
2030-10-31,158.42856613552001,194.02664434335952,434.28225110568184,22.624206705136423
2030-11-30,154.4129274009272,193.97997671762295,212.00932880123705,23.547435613263296
2030-12-31,150.62678780743562,195.10253103864568,779.8677136104124,155.0830823490941
2031-01-31,158.22402396611415,195.10243830620465,235.8777268898997,138.2179896967246
2031-02-28,153.79049816912698,194.40262428652525,466.27942482123666,75.05136206172224
2031-03-31,150.48531996219262,193.69452803254342,213.08387271999794,14.478457799643799
2031-04-30,150.24379486818077,195.8855279401302,208.0036398145493,144.62448982952745
2031-05-31,150.29436135599144,195.9445846247074,713.267943264943,4.665674144690213
2031-06-30,150.19731257942942,194.07735244675845,1001.2870452517237,67.2968852251992
2031-07-31,155.9847815822024,194.40502591318494,1409.6960776209305,221.57178254580293
2031-08-31,152.0504252541665,194.06962236947973,1027.8985577827457,313.0918908235552
2031-09-30,150.18904694483106,194.92487807321024,208.99838939709093,71.1382826516293
2031-10-31,152.08751705210003,195.85363744541476,211.00992253531294,25.338998679573905
2031-11-30,158.2972804624942,194.40371332728205,209.96860154498796,201.8643803703426
2031-12-31,152.60367787532095,194.31285182616838,826.2671814445594,102.75233710276676
2032-01-31,161.47814061753883,193.99435726449187,213.39920692581094,47.81762562474232
2032-02-29,150.820033977101,197.84665982779052,150.06284953359778,42.295292966413534
2032-03-31,157.1909239117949,195.85363744541476,212.9490458556073,124.17697893847271
2032-04-30,154.27003401087117,196.023063353361,213.9967764241701,132.5630937333384
2032-05-31,151.85918866443828,193.95925209136487,150.06284953359778,253.5452454293098
2032-06-30,152.7605635838827,195.12903122580485,209.6931658297765,69.09650052388503
2032-07-31,151.81623319964046,194.40492571245213,211.00129389185463,112.57540255850482
2032-08-31,151.0067614248432,197.99523322960758,213.12334404108398,285.40897723766767
2032-09-30,150.32555127669036,193.79468103251412,209.96860154498796,300.60689700691324
2032-10-31,150.48531996219262,195.1466061658809,137.2627479613429,147.92858808748758
2032-11-30,158.16294672840868,193.69460818639928,1285.1750447670215,198.06005698683876
2032-12-31,158.22501438950133,195.08907196395498,403.8845088796376,28.604854382011297
2033-01-31,150.24862131089256,194.02453313213715,418.883472420086,62.363057267840496
2033-02-28,152.16026210918693,197.99523322963108,130.87585456709965,30.425932244130962
2033-03-31,154.25556753366183,194.40371332728205,517.2748671639262,74.68456615800973
2033-04-30,151.79879448485522,194.13437049810108,210.9473428389066,172.71281698772856
2033-05-31,150.1130638502397,198.00484618636384,213.01752021498734,213.7699005375591
2033-06-30,158.16294672840868,194.98844628036628,208.00417932774582,172.8254080375431
2033-07-31,154.87450557148222,194.08208533920117,213.01258868146567,13.442227626135157
2033-08-31,151.51970100283864,194.09151812925268,1225.045883665712,9.854150015331983
2033-09-30,154.62119822876818,193.78532776266047,211.83008279238445,95.57743360243086
2033-10-31,161.07427454508024,196.10396515637427,211.35413426222047,85.65907865435688
2033-11-30,150.82267571529715,194.0259388866459,212.97709421003026,16.194362329616187
2033-12-31,152.78163115538462,194.09157209370264,1255.3574120778487,22.624206705136423
2034-01-31,168.61928380867275,193.87910343906918,535.0734339922383,234.39861948164074
2034-02-28,168.61928380867275,194.13436221653077,434.28225110568184,256.4613449859632
2034-03-31,152.19177068536345,193.87910343906762,213.99953716198087,179.4343998299427
2034-04-30,154.21076311365556,194.97977693716294,670.8681456916885,280.2533232765513
2034-05-31,158.8271832711929,194.97977693716294,214.11747757647845,244.79276200919315
2034-06-30,156.49051796968342,194.06962236875597,949.2728565238418,99.17950745522833
2034-07-31,154.61700045008348,197.99523322963108,322.2857072037305,125.11518894776873
2034-08-31,153.22870006685045,195.85363744541476,212.99777231042032,23.547435613263296
2034-09-30,159.70065279127928,195.70508832359275,215.0001910161043,280.7533519956419
2034-10-31,155.60040900091062,193.95314957936284,215.9995614485384,93.50246400984469
2034-11-30,153.79049816912698,194.13294097916446,202.27214271855206,75.05136206172224
2034-12-31,150.24379486818077,194.39804887313508,713.267943264943,75.05136206172224
2035-01-31,150.42845688127255,193.9464996251173,1409.6960776209305,29.626133941066467
2035-02-28,150.42845688127255,195.93278499113575,610.2692576943505,39.693120988736496
2035-03-31,159.2323925387833,194.0721800059034,213.7193009348859,323.12026529254103
2035-04-30,161.47814061753883,194.40502591318494,757.2678292556413,155.75205999467852
2035-05-31,158.33361142501997,194.97977690869806,213.80194601931862,5.427658582835488
2035-06-30,153.677753635127,194.02664434335952,211.9774506797394,258.0016693176739
2035-07-31,150.42845688127255,195.70989305497582,202.27214271855206,32.81458157487254
2035-08-31,151.74999574864637,193.96074372053397,499.87637184414194,18.080273746551914
2035-09-30,152.18057773165907,193.87910343906762,691.8680150667113,7.175658755207588
2035-10-31,150.82267571529715,194.39544799985987,213.15827651246096,171.82898658706569
2035-11-30,153.90790586821328,194.0816709307033,215.0824934154358,44.281153455617314
2035-12-31,155.97262892088173,194.40492571245213,214.64104681654464,144.72342286737884
2036-01-31,157.1909239117949,197.82415912075174,213.52546651517824,159.1101128962752
2036-02-29,153.58802135387697,197.9952332986609,1225.045883665712,6.111047596515698
2036-03-31,158.42856613552001,193.97997671762,499.87637184414194,187.61335893954637
2036-04-30,160.16690726782096,195.99540070852157,1054.9136371454083,280.2533232765513
2036-05-31,151.62623606103696,194.40371332728205,1166.9430149989914,213.7699005375591
2036-06-30,150.18904694483106,196.023063353361,403.8845088796376,136.1397273657947
2036-07-31,150.9353329286265,194.0696223718767,209.96860154498796,4.780371449299091
2036-08-31,152.2889085801687,194.02845077989585,215.93491008660556,12.296261207189806
2036-09-30,160.00334423623622,193.799507600171,434.28225110568184,199.25374974393503
2036-10-31,159.18156937787862,194.23680410007086,214.76323695035958,198.06005698683876
2036-11-30,153.8437441728739,194.02845136349111,214.4507806802352,279.36701816152777
2036-12-31,157.3291944557492,193.96074370996752,214.12751682576464,208.75663160382936
2037-01-31,158.8271832711929,194.87814728355684,208.0036398145493,22.624206705136423
2037-02-28,154.09311336498607,194.40502591318494,213.15178530318985,7.175658755207588
2037-03-31,150.28560169588388,194.07735244675845,214.64104681654464,271.72679167550353
2037-04-30,161.47814061753883,198.0048462984539,212.80415249789695,329.71320497119257
2037-05-31,151.63621209422087,193.98618965240266,1378.4400806636509,132.5630937333384
2037-06-30,167.38043158514054,197.98263717180728,213.00087623058369,261.84999115679466
2037-07-31,158.33361142501997,194.08333451431076,131.87908147289514,187.61335893954637
2037-08-31,152.47974329311026,194.19445859247855,158.8640746976021,5.014827636702423
2037-09-30,151.4672596041459,196.05764181635672,212.00932880123705,67.2968852251992
2037-10-31,158.42856613552001,197.9952332986609,210.1488754199715,163.55718762553718
2037-11-30,152.40192697190304,195.82693343330521,322.2857072037305,155.75205999467852
2037-12-31,151.14329269380892,194.13436221653077,210.9473428389066,179.4343998299427
2038-01-31,151.7948854955249,195.11312153266147,213.15844900284935,114.40271230297893
2038-02-28,151.97035089788926,197.99523322960758,175.0669871955835,57.006397714154396
2038-03-31,153.05498584510295,194.92487879155522,210.61530751613765,247.19571106784278
2038-04-30,159.70065279127928,193.9531495788236,482.8779053056554,163.55718762553718
2038-05-31,156.47247079252605,194.8594208563772,517.2748671639262,54.25870152058709
2038-06-30,161.32742423269562,194.02664434335952,210.8420783038693,240.70622079366169
2038-07-31,151.37166578434827,196.11276545926077,211.35413426222047,9.854150015331983
2038-08-31,150.48531996219262,193.98618963795593,1378.4400806636509,306.5144877028138
2038-09-30,152.24029228729682,194.39544799985987,209.93643329940616,274.81875721896125
2038-10-31,173.2721392951877,197.99523322963108,181.2681747229268,51.61080670829144
2038-11-30,154.62119822876818,193.69452803254342,571.8709530833653,3.4259862942499364
2038-12-31,151.14329269380892,194.00735612592035,757.2678292556413,4.730531850508851
2039-01-31,150.28560169588388,195.9499788642669,213.15844900284935,155.75205999467852
2039-02-28,155.66236596096923,195.70505101183835,137.2912997321121,29.626133941066467
2039-03-31,150.19731257942942,193.57259727181,137.2627479613429,187.61335893954637
2039-04-30,152.0504252541665,194.08208533920117,213.52546651517824,147.92858808748758
2039-05-31,151.14329269380892,193.98618965249426,214.12751682576464,172.71281698772856
2039-06-30,152.47974329311026,193.799507600171,213.01752021498734,22.173734689748628
2039-07-31,154.70479681869872,193.57259727181,213.08387271999794,54.25870152058709
2039-08-31,152.0504252541665,194.3590565560204,334.8860650742648,93.46753053044426
2039-09-30,150.31105009001854,193.9799762590346,650.2683718587222,9.854150015331983
2039-10-31,158.22501438950133,195.08907196395498,466.27942482123666,121.42088159701372
2039-11-30,152.82435662405874,194.07218001382927,213.80194601931862,48.2518601543884
2039-12-31,150.63306917957493,193.69452803254342,212.23110820837007,67.30080033881015
2040-01-31,152.0504252541665,194.97977690869806,211.83008279238445,85.65907865435688
2040-02-29,158.8271832711929,194.40492571245213,1409.6960776209305,159.28705595910654
2040-03-31,157.1338790837359,196.05764181613958,208.23005985544893,61.44364995546688
2040-04-30,150.02881128593768,194.40371332728205,213.39920692581094,144.72342286737884
2040-05-31,162.85711822677627,194.40492571245213,375.0858663592128,198.06005698683876
2040-06-30,152.14102385307362,195.06086175968437,212.80415249789695,193.93833221383176
2040-07-31,150.48531996219262,194.92487879155522,133.28271965135514,213.7699005375591
2040-08-31,153.66473936118848,193.78532776266047,482.8779053056554,134.20487145931472
2040-09-30,154.98678673323602,195.85363744541476,310.0851664061884,60.710684707798976
2040-10-31,151.14475415243618,194.02664434335952,213.01752021498734,213.7699005375591
2040-11-30,150.6697879483171,195.08907196395498,210.95927541415165,69.09650052388503
2040-12-31,153.29660598685695,194.09054039939645,133.26415117646746,47.9690569306827
2041-01-31,158.17615393094727,193.78532776266047,1195.8025884191868,103.50622040286689
2041-02-28,150.63803402744412,195.20319752810767,1082.3327493799015,57.006397714154396
2041-03-31,155.02893548100863,194.06962236947973,213.99953716198087,12.296261207189806
2041-04-30,153.58802135387697,194.13436221653077,208.23005985544893,8.847595273297475
2041-05-31,156.49051796968342,195.13661842007048,975.0786335121522,75.05136206172224
2041-06-30,151.70171048426087,194.03484460820926,215.0824934154358,147.36249214444638
2041-07-31,163.2396363126527,194.40262428652525,1195.8025884191868,199.25374974393503
2041-08-31,151.0001348335129,193.95925209136487,212.0023880896305,29.626133941066467
2041-09-30,151.63621209422087,194.09157209370264,214.9949456866761,4.730531850508851
2041-10-31,152.24029228729682,193.96074372057916,135.06331383841672,221.57178254580293
2041-11-30,150.31105009001854,195.84418302704842,213.12334404108398,75.05136206172224
2041-12-31,151.70171048426087,197.82516914017128,209.9982886091594,96.94825901020866
2042-01-31,152.0504252541665,194.14572297271425,213.01258868146567,82.78852543731688
2042-02-28,151.00484670277294,194.14572297271533,210.11629401707177,258.0016693176739
2042-03-31,153.58802135387697,193.9464996251173,213.02063461615762,271.72679167550353
2042-04-30,153.90790586821328,196.05764181635672,130.8667101413434,82.73344838126349
2042-05-31,151.70171048426087,196.05764181252934,218.2749511290223,253.5452454293098
2042-06-30,151.63621209422087,193.7851028023908,130.0705646676583,159.5617071735364
2042-07-31,151.81623319964046,194.13436221653077,210.61530751613765,60.710684707798976
2042-08-31,150.2612890298004,193.99276752382048,898.8673426402444,22.868816049700378
2042-09-30,152.2889085801687,194.92487879155718,210.3921653088454,27.06211635446597
2042-10-31,152.3612358085057,194.06962236875597,130.87585456709965,125.11518894776873
2042-11-30,154.1694095879591,195.8536374399056,466.27942482123666,159.1101128962752
2042-12-31,153.8437441728739,194.13437049810088,212.54224331815348,247.19571106784278
2043-01-31,154.18815645624207,193.5898118058582,1110.1563605264148,227.9154716136021
2043-02-28,158.33361142501997,195.08465843566285,213.02063461615762,138.2179896967246
2043-03-31,152.7247539488981,194.14572297271425,214.0018317271578,33.10517170869552
2043-04-30,154.1694095879591,193.57259727181,802.8675099130011,43.68716110682601
2043-05-31,151.74999574864637,193.70106712627438,214.9949456866761,134.20487145931472
2043-06-30,150.62678780743562,196.05764181613958,650.2683718587222,208.75663160382936
2043-07-31,152.54780832842178,193.97997671762,211.35413426222047,171.82898658706569
2043-08-31,155.66236596096923,193.9799762590346,210.0735422667558,212.3518589478792
2043-09-30,152.65267022836912,195.10253103864568,209.9982886091594,155.75205999467852
2043-10-31,151.7948854955249,195.93282364964927,255.08033018949678,230.59586428136714
2043-11-30,150.9875546702975,195.20319752810767,146.2625043313734,301.76906677141636
2043-12-31,151.97870462039043,194.08208533920117,213.39920692581094,258.0016693176739
2044-01-31,153.677753635127,197.99523322963108,590.8699908006406,198.06005698683876
2044-02-29,158.9859847519549,194.0721800059034,208.9990639278543,85.65907865435688
2044-03-31,168.61928380867275,196.1127672218761,213.12334404108398,263.53126170123755
2044-04-30,151.0001348335129,193.87910343906918,226.87635182889056,127.40767645602243
2044-05-31,152.84578909071783,195.10253103864568,322.2857072037305,7.562243133175726
2044-06-30,150.63306917957493,194.14572453808142,286.8836059359253,5.014827636702423
2044-07-31,153.5485244403176,196.05764181613958,130.2684667210905,34.07458545492734
2044-08-31,161.47814061753883,194.0284507798935,975.0786335121522,280.2533232765513
2044-09-30,157.39465129146083,193.96074372053397,213.01258868146567,301.76906677141636
2044-10-31,151.44087713258511,194.40262428652525,130.8667101413434,44.281153455617314
2044-11-30,150.93427859110994,194.40262428652525,211.00992253531294,300.4703628375844
2044-12-31,154.62119822876818,195.11134713438005,213.01752021498734,60.420976123130416
2045-01-31,169.356161290994,195.94997023626345,202.27214271855206,33.10517170869552
2045-02-28,151.0067614248432,195.10253103864568,212.34542634637128,99.17950745522833
2045-03-31,152.2889085801687,195.08465843566285,630.0687302866603,172.8254080375431
2045-04-30,150.85955954307528,194.14572297271425,210.1488754199715,134.20487145931472
2045-05-31,158.22402396611415,194.92487807321024,571.8709530833653,121.42088159701372
2045-06-30,151.44087713258511,196.10396515637427,211.5332382051225,40.64247895542158
2045-07-31,158.8271832711929,194.03484460820926,670.8681456916885,23.547435613263296
2045-08-31,151.70171048426087,193.57259727181,213.12841266675605,132.82871448854164
2045-09-30,158.2972804624942,195.10463529328842,139.86243606878503,5.427658582835488
2045-10-31,153.5423509368126,194.07218001382927,208.99838939709093,125.86183149354932
2045-11-30,160.9921093082359,195.11312153266147,214.4507806802352,30.425932244130962
2045-12-31,150.6968511567432,195.82693343330521,210.82166835308158,27.983508826646982
2046-01-31,152.0504252541665,193.7851028023908,1001.2870452517237,73.0985202875328
2046-02-28,152.2889085801687,194.9851632373667,215.0824934154358,10.26189314761736
2046-03-31,152.84578909071783,195.9445846247074,210.95927541415165,54.25870152058709
2046-04-30,150.28560169588388,195.06086339477034,142.90173462105832,206.5535576232338
2046-05-31,167.38043158514054,194.40502591318494,130.0705646676583,306.5144877028138
2046-06-30,151.62623606103696,193.6020402223864,826.2671814445594,74.68456615800973
2046-07-31,153.66473936118848,196.10411385132298,213.15178530318985,27.983508826646982
2046-08-31,150.6697879483171,193.97997671762295,275.882621216126,187.61335893954637
2046-09-30,153.83837544985397,194.40502591318494,255.08033018949678,186.09553566675552
2046-10-31,152.2889085801687,193.61228024842922,210.1488754199715,301.76906677141636
2046-11-30,154.62119822876818,195.8855279401302,214.0018317271578,82.78852543731688
2046-12-31,152.33851555293973,193.9943569976729,610.2692576943505,54.25870152058709
2047-01-31,155.97262892088173,194.02664434335952,1166.9430149989914,186.09553566675552
2047-02-28,156.1371827321413,195.20319753337748,211.35413426222047,186.09553566675552
2047-03-31,151.62623606103696,193.69452803254342,214.7352148306938,201.8643803703426
2047-04-30,150.62678780743562,197.82415912075174,255.08033018949678,274.81875721896125
2047-05-31,151.74999574864637,193.98618965249426,213.39920692581094,4.8970446951159
2047-06-30,150.28560169588388,194.30318968808018,137.2912997321121,75.05136206172224
2047-07-31,154.70479681869872,194.0721800138945,1054.9136371454083,67.33569686896571
2047-08-31,154.76141919660066,197.82516914017128,213.15844900284935,7.562243133175726
2047-09-30,154.21076311365556,194.14572297271533,215.9953381446713,22.173734689748628
2047-10-31,158.9859847519549,195.08873230919485,210.11629401707177,93.50246400984469
2047-11-30,150.93427859110994,195.9327849911357,1285.1750447670215,134.20487145931472
2047-12-31,153.8382374919478,193.6020402223864,874.2666736645776,125.86183149354932
2048-01-31,157.3291944557492,194.9851632373667,214.0018317271578,75.05136206172224
2048-02-29,150.8901285034769,194.33617748178756,211.00129389185463,51.61080670829144
2048-03-31,153.5423509368126,193.57259727181,211.00992253531294,112.57540255850482
2048-04-30,150.93517626782577,195.85363744541476,212.2313228470918,60.710684707798976
2048-05-31,154.98678673323602,194.87814727964903,275.882621216126,51.61080670829144
2048-06-30,152.84578909071783,195.12888272748896,215.9521088357049,7.562243133175726
2048-07-31,150.28560169588388,194.06962236875597,275.882621216126,75.46719148087176
2048-08-31,153.79049816912698,193.87910343906762,213.11632193844864,95.57743360243086
2048-09-30,154.09311336498607,195.70989305497582,610.2692576943505,93.50246400984469
2048-10-31,167.38043158514054,194.0696223718767,212.32312553437103,280.7533519956419
2048-11-30,158.91160914270014,195.84418302704842,142.8623606842822,19.950461157203872
2048-12-31,154.25556753366183,196.11276545926077,517.2748671639262,8.980406820288628
2049-01-31,151.51970100283864,193.8086688172372,212.34542634637128,171.82898658706569
2049-02-28,150.1130638502397,193.5898118058582,213.99477702910752,182.29402668370733
2049-03-31,151.14475415243618,194.0696223718767,214.4507806802352,159.1101128962752
2049-04-30,152.14102385307362,195.06086339477034,226.87635182889056,40.64247895542158
2049-05-31,152.46842203748304,197.82516914017128,208.99838939709093,230.59586428136714
2049-06-30,152.60367787532095,193.98618965240266,212.9490458556073,87.34021626056474
2049-07-31,150.18463788956106,196.05764181252934,187.8694414701766,27.06211635446597
2049-08-31,162.85711822677627,193.96074370996752,212.9490458556073,74.68456615800973
2049-09-30,154.33442251346202,194.19445859245602,215.93491008660556,5.964368043460034
2049-10-31,150.42845688127255,193.7851028023908,212.32312553437103,93.50246400984469
2049-11-30,150.89516772904153,195.82693343330521,211.00992253531294,329.71320497119257
2049-12-31,150.8901285034769,194.39544799985987,1195.8025884191868,234.39861948164074
2050-01-31,162.85711822677627,194.13437049810088,212.55613613821754,290.14900621436743
2050-02-28,152.08751705210003,194.19445859247855,130.87585456709965,6.111047596515698
2050-03-31,161.32742423269562,195.70505101183835,130.2684667210905,103.37995440727339
2050-04-30,158.71898845844228,194.19445859247855,212.97709421003026,43.68716110682601
2050-05-31,155.97262892088173,195.93278499113575,418.883472420086,187.61335893954637
2050-06-30,155.75075302177297,194.02453313213715,211.9706692813258,37.3585978489442
2050-07-31,153.18574375457266,194.0284507798935,213.80194601931862,240.70622079366169
2050-08-31,150.18904694483106,193.95925209136487,130.8667101413434,227.9154716136021
2050-09-30,156.32297730265526,195.8536374452709,923.8692482466025,60.710684707798976
2050-10-31,161.07427454508024,194.13437049810088,212.55613613821754,240.70622079366169
2050-11-30,150.9353329286265,194.08333451431076,347.8862225413307,74.68456615800973
2050-12-31,151.0001348335129,194.08208533920117,213.02063461615762,213.7699005375591
2051-01-31,163.2396363126527,194.39804887313508,1225.045883665712,240.98979741559162
2051-02-28,156.1371827321413,193.78532776266047,213.15844900284935,184.13616337659073
2051-03-31,158.22402396611415,194.0721800138945,194.870769960872,53.258689770551854
2051-04-30,156.32297730265526,194.06962236875597,212.400518954986,320.6832163642505
2051-05-31,158.22402396611415,193.99435726449187,208.99838939709093,75.05136206172224
2051-06-30,158.95667634141768,196.10396515637427,214.76323695035958,146.27306422677347
2051-07-31,150.6968511567432,194.40371332728205,213.15844900284935,179.4343998299427
2051-08-31,153.18574375457266,194.92487879155522,133.26415117646746,103.37995440727339
2051-09-30,151.0067614248432,195.8536374452709,211.35413426222047,77.80917668508873
2051-10-31,150.9353329286265,194.0721800059034,130.0705646676583,17.979838736514342
2051-11-30,152.33851555293973,193.57427635314326,208.0161452734469,50.223365504941995
2051-12-31,150.32555127669036,194.13437049810108,235.8777268898997,75.46719148087176
2052-01-31,160.9921093082359,194.07735244675845,215.0824934154358,110.05594479867715
2052-02-29,150.820033977101,194.97977690870232,135.08678657894046,168.40835411447782
2052-03-31,158.42856613552001,194.14572453808142,210.95927541415165,240.70622079366169
2052-04-30,150.62678780743562,198.00484618636384,131.87908147289514,6.933867321248184
2052-05-31,153.45451666418748,196.10411385132298,361.286162128467,10.26189314761736
2052-06-30,150.64352386076007,193.57339711348436,158.8640746976021,186.09553566675552
2052-07-31,150.30051909356519,194.03484460820926,265.2815234751629,293.2045804429034
2052-08-31,152.1664047057384,195.93278499113575,209.0006809251466,19.950461157203872
2052-09-30,158.33361142501997,194.02664434335952,212.400518954986,301.76906677141636
2052-10-31,151.97035089788926,194.09151812925268,322.2857072037305,159.5617071735364
2052-11-30,155.9847815822024,196.1127672218761,213.11632193844864,269.03581761657694
2052-12-31,150.30051909356519,194.09151812925268,553.2721150563079,5.625872642878541
2053-01-31,157.3291944557492,194.40492571245213,146.3076913097547,293.2045804429034
2053-02-28,160.00334423623622,195.70989724730057,213.01258868146567,7.422236617745086
2053-03-31,150.85955954307528,195.8855279401302,403.8845088796376,37.3585978489442
2053-04-30,154.76141919660066,195.8855279401302,212.00932880123705,84.63062091132811
2053-05-31,160.00334423623622,193.69452803254342,1027.8985577827457,119.9568861127527
2053-06-30,155.8744844428641,196.023063353361,1027.8985577827457,81.32122948669215
2053-07-31,158.95667634141768,193.79468103223752,535.0734339922383,16.194362329616187
2053-08-31,151.81623319964046,193.9943569976729,214.12751682576464,293.2045804429034
2053-09-30,158.71898845844228,195.1466061658809,213.7193009348859,146.27306422677347
2053-10-31,151.14329269380892,194.40492571245213,215.9521088357049,25.338998679573905
2053-11-30,158.95667634141768,195.10243830620465,210.96903753978734,136.1397273657947
2053-12-31,152.3612358085057,195.08465843566285,434.28225110568184,60.420976123130416
2054-01-31,152.2889085801687,195.12903122580485,213.15178530318985,228.51191011624772
2054-02-28,151.11847459522647,195.10253103864568,208.0161452734469,172.8254080375431
2054-03-31,154.61700045008348,194.23680410007086,1001.2870452517237,85.65907865435688
2054-04-30,150.82267571529715,194.40492571245213,211.00992253531294,114.87085879424538
2054-05-31,151.3027160362161,198.00484618636384,779.8677136104124,138.2179896967246
2054-06-30,154.09311336498607,195.08465843566285,213.08387271999794,253.5452454293098
2054-07-31,154.4129274009272,194.92487879155718,208.0161452734469,67.33569686896571
2054-08-31,153.5485244403176,193.8791025766222,298.28446015809976,155.0830823490941
2054-09-30,150.6697879483171,193.70106712627438,211.4513799609478,125.11518894776873
2054-10-31,152.19177068536345,194.0721800059034,214.11747757647845,103.50622040286689
2054-11-30,161.32742423269562,195.10253103864568,215.0824934154358,320.6832163642505
2054-12-31,153.5423509368126,193.87910343906762,211.00992253531294,44.281153455617314
2055-01-31,158.17615393094727,195.08873230919485,214.7352148306938,301.76906677141636
2055-02-28,160.00334423623622,195.08907196395498,214.0018317271578,12.296261207189806
2055-03-31,153.33511316956537,193.6020402223864,213.80194601931862,93.50246400984469
2055-04-30,150.63306917957493,195.11312153266147,213.15844900284935,71.1382826516293
2055-05-31,151.6551700784632,193.96074372057916,212.32312553437103,44.281153455617314
2055-06-30,153.66473936118848,195.9125562847317,212.80415249789695,60.420976123130416
2055-07-31,150.32555127669036,195.06086175968437,535.0734339922383,82.78852543731688
2055-08-31,150.9353329286265,196.00239136266237,735.0678935675356,5.014827636702423
2055-09-30,158.33361142501997,195.12888272748896,670.8681456916885,17.422615260996434
2055-10-31,150.63306917957493,193.61228024842922,235.8777268898997,101.93302000845935
2055-11-30,150.02881128593768,195.9499788642669,202.27214271855206,290.14900621436743
2055-12-31,151.0067614248432,194.08333451431076,1166.9430149989914,293.2045804429034
2056-01-31,154.25556753366183,195.06086175968437,212.99777231042032,47.81762562474232
2056-02-29,150.820033977101,194.1329409791644,450.0808876636553,96.94825901020866
2056-03-31,150.86233299286357,193.57427635314326,211.5332382051225,263.53126170123755
2056-04-30,151.6551700784632,194.00735612592035,214.11747757647845,280.7533519956419
2056-05-31,152.18057773165907,194.0284507798935,1054.9136371454083,187.61335893954637
2056-06-30,155.9847815822024,193.95925209136487,212.99777231042032,132.5630937333384
2056-07-31,152.60367787532095,193.95314957936284,1378.4400806636509,221.57178254580293
2056-08-31,156.1371827321413,195.94997023626345,211.9774506797394,279.36701816152777
2056-09-30,151.97035089788926,194.09151812925268,802.8675099130011,186.09553566675552
2056-10-31,151.85918866443828,195.08907196395498,1409.6960776209305,6.111047596515698
2056-11-30,153.45451666418748,193.8086688172372,212.23110820837007,198.35856112049862
2056-12-31,150.76869890124277,194.0721800138945,209.0006809251466,104.36027038088223
2057-01-31,153.9816928054645,195.85363744541476,245.27905883558878,50.223365504941995
2057-02-28,154.1694095879591,197.82244786329247,175.0669871955835,16.194362329616187
2057-03-31,152.18057773165907,195.93278499113575,215.9995614485384,280.2533232765513
2057-04-30,150.85955954307528,194.14572453808142,163.86491970646017,48.2518601543884
2057-05-31,150.30051909356519,194.13437049810108,213.12334404108398,6.111047596515698
2057-06-30,150.31105009001854,194.09054039939645,210.9374577832542,25.338998679573905
2057-07-31,151.7948854955249,195.08907196395498,130.2730214575077,5.625872642878541
2057-08-31,153.47631880421085,194.19445859247855,146.2625043313734,33.10517170869552
2057-09-30,152.43541456522348,198.00484618635187,210.9473428389066,57.006397714154396
2057-10-31,155.75075302177297,194.97977690870232,130.0705646676583,240.98979741559162
2057-11-30,150.19731257942942,194.8594208563772,571.8709530833653,136.1397273657947
2057-12-31,150.62005767448704,195.11134713438005,213.99953716198087,102.75233710276676
2058-01-31,150.63306917957493,197.82516914017128,535.0734339922383,40.64247895542158
2058-02-28,152.19006369303693,194.19445859245602,213.00087623058369,171.82898658706569
2058-03-31,153.8382374919478,194.09151812925268,212.00212283915843,17.979838736514342
2058-04-30,154.63141952686172,193.57259727181,214.4507806802352,159.1101128962752
2058-05-31,153.29660598685695,195.94997023626345,211.35413426222047,206.5535576232338
2058-06-30,151.74999574864637,195.10253103864568,211.71395310125354,146.27306422677347
2058-07-31,152.19006369303693,193.9943572644874,130.8667101413434,34.923826361819295
2058-08-31,150.76869890124277,193.70106712627393,214.76323695035958,187.61335893954637
2058-09-30,160.16690726782096,194.02664434335952,213.52546651517824,60.420976123130416
2058-10-31,152.29680136114442,194.07218001382927,210.9473428389066,103.50622040286689
2058-11-30,152.2889085801687,193.99276752382048,226.87635182889056,18.080273746551914
2058-12-31,156.47247079252605,193.57427635314326,389.28531775710724,71.1382826516293
2059-01-31,152.19177068536345,193.7851028023908,670.8681456916885,32.81458157487254
2059-02-28,152.24029228729682,197.82244786329247,213.00774542210047,280.2533232765513
2059-03-31,152.24029228729682,193.96074370996752,163.86491970646017,313.0918908235552
2059-04-30,150.63803402744412,193.98618965249426,211.00129389185463,77.80917668508873
2059-05-31,155.66236596096923,194.08208533920117,208.23005985544893,102.75233710276676
2059-06-30,167.38043158514054,194.0284507798935,213.15844900284935,69.09650052388503
2059-07-31,152.7605635838827,193.7851028023908,142.8623606842822,57.006397714154396
2059-08-31,154.33442251346202,193.79468103858937,590.8699908006406,67.33569686896571
2059-09-30,150.1130638502397,194.33617748178756,208.23005985544893,227.9154716136021
2059-10-31,152.29680136114442,194.92487879155718,535.0734339922383,244.79276200919315
2059-11-30,163.2396363126527,195.8536374452709,130.8667101413434,112.57540255850482
2059-12-31,150.30051909356519,195.94997023626345,535.0734339922383,260.7812532325975
2060-01-31,158.42856613552001,195.70508832359275,670.8681456916885,269.03581761657694
2060-02-29,150.62005767448704,194.14572453808142,210.11629401707177,104.36027038088223
2060-03-31,167.38043158514054,193.97997671762,211.9706692813258,136.1397273657947
2060-04-30,150.42845688127255,194.98844666749187,286.8836059359253,85.65907865435688
2060-05-31,150.42845688127255,194.13290734090108,215.99980163325492,121.42088159701372
2060-06-30,151.62623606103696,194.0284507798935,212.2313228470918,50.223365504941995
2060-07-31,151.0001348335129,193.799507600171,169.26589636460764,74.68456615800973
2060-08-31,153.5485244403176,195.06086339476965,194.870769960872,198.06005698683876
2060-09-30,159.18156937787862,194.09151812925268,874.2666736645776,320.6832163642505
2060-10-31,150.8901285034769,194.40371332728205,208.23005985544893,75.46719148087176
2060-11-30,158.17615393094727,194.19445859247855,194.870769960872,285.40897723766767
2060-12-31,151.62623606103696,197.82516914017128,181.2681747229268,57.006397714154396
2061-01-31,153.66473936118848,194.13294097916446,210.96903753978734,4.730531850508851
2061-02-28,152.2889085801687,193.99276752382048,210.0012616927282,147.36249214444638
2061-03-31,156.32297730265526,195.08907196395498,130.0705646676583,247.19571106784278
2061-04-30,151.14475415243618,195.10253103864568,135.08678657894046,90.6501730200471
2061-05-31,150.93427859110994,194.39544278489015,131.87908147289514,102.75233710276676
2061-06-30,150.93427859110994,194.02453313213715,650.2683718587222,51.61080670829144
2061-07-31,152.24029228729682,197.84665982779052,450.0808876636553,263.53126170123755
2061-08-31,150.31105009001854,196.11276545926077,265.2815234751629,60.710684707798976
2061-09-30,151.79879448485522,195.8855279401302,213.00087623058369,67.2968852251992
2061-10-31,160.16690726782096,196.05764181252934,215.9521088357049,99.17950745522833
2061-11-30,150.29436135599144,195.70505101183838,213.99477702910752,114.87085879424538
2061-12-31,158.22501438950133,194.30318968808018,212.99777231042032,186.09553566675552
2062-01-31,150.1130638502397,196.023063353361,213.39920692581094,85.65907865435688
2062-02-28,151.11847459522647,193.70106712627393,850.0667752794126,245.58737799769503
2062-03-31,157.1338790837359,194.87814728355684,213.52546651517824,155.0830823490941
2062-04-30,152.19177068536345,194.19445857355024,210.9374577832542,263.53126170123755
2062-05-31,159.70065279127928,194.07218001382927,779.8677136104124,280.2533232765513
2062-06-30,152.46842203748304,196.05764181252934,215.0824934154358,132.82871448854164
2062-07-31,152.19006369303693,195.82693343330521,210.95927541415165,132.82871448854164
2062-08-31,172.18015332976267,194.08333451431076,1285.1750447670215,159.1101128962752
2062-09-30,150.48531996219262,193.9943572644874,517.2748671639262,71.1382826516293
2062-10-31,153.677753635127,194.02845077989585,1225.045883665712,7.422236617745086
2062-11-30,153.66473936118848,194.13436221653077,434.28225110568184,223.8319751756704
2062-12-31,154.62119822876818,195.06086175968437,210.0012616927282,193.93833221383176
2063-01-31,152.0180868102316,194.0284507798935,1138.3754455354797,103.37995440727339
2063-02-28,152.33851555293973,198.00484618635187,923.8692482466025,146.27306422677347
2063-03-31,154.76141919660066,194.13294097916446,209.9982886091594,198.35856112049862
2063-04-30,152.08751705210003,198.00484618636384,650.2683718587222,138.2179896967246
2063-05-31,154.76141919660066,193.9943569976729,235.8777268898997,60.420976123130416
2063-06-30,150.48531996219262,193.98618965240266,212.00932880123705,7.422236617745086
2063-07-31,150.64352386076007,195.93282364964927,1082.3327493799015,104.36027038088223
2063-08-31,150.820033977101,194.14572297271533,482.8779053056554,75.46719148087176
2063-09-30,150.12310427906368,193.9464996251173,212.97709421003026,247.19571106784278
2063-10-31,153.37910424565868,193.5898118058582,213.7193009348859,125.86183149354932
2063-11-30,158.91160914270014,193.87910343906918,210.99763645363902,27.983508826646982
2063-12-31,160.9921093082359,197.82415912075174,210.0735422667558,40.64247895542158
2064-01-31,152.43541456522348,194.40262428652525,169.26589636460764,82.73344838126349
2064-02-29,173.2721392951877,194.14572453808142,450.0808876636553,48.2518601543884
2064-03-31,154.09311336498607,198.00484618635187,208.0161452734469,16.194362329616187
2064-04-30,153.85887207034483,194.081670930776,210.0012616927282,132.5630937333384
2064-05-31,152.24029228729682,193.70106530864086,553.2721150563079,138.2179896967246
2064-06-30,154.62119822876818,194.98844666748764,211.71395310125354,171.82898658706569
2064-07-31,154.63141952686172,193.87910343906762,874.2666736645776,4.665674144690213
2064-08-31,153.30266318473346,193.69460818639928,210.1488754199715,82.78852543731688
2064-09-30,151.85918866443828,193.5898118058582,208.99838939709093,147.36249214444638
2064-10-31,158.17615393094727,193.99435726449187,210.11629401707177,182.29402668370733
2064-11-30,157.3291944557492,193.9943572644874,142.90173462105832,244.79276200919315
2064-12-31,150.24379486818077,194.02845077989585,213.01752021498734,48.2518601543884
2065-01-31,169.356161290994,197.99523322960758,213.15178530318985,127.40767645602243
2065-02-28,152.78163115538462,193.97997671762,245.27905883558878,6.933867321248184
2065-03-31,156.32297730265526,194.3590565560204,212.54224331815348,7.175658755207588
2065-04-30,150.820033977101,194.39544799985987,650.2683718587222,62.363057267840496
2065-05-31,152.84578909071783,194.30318968808018,255.08033018949678,4.780371449299091
2065-06-30,158.95667634141768,193.9943569976729,137.2627479613429,17.422615260996434
2065-07-31,151.85613239773298,194.13290734090108,213.11632193844864,44.281153455617314
2065-08-31,161.32742423269562,193.95925209136487,142.90173462105832,313.0918908235552
2065-09-30,150.93517626782577,194.87814727953125,211.94495970405012,17.979838736514342
2065-10-31,151.85613239773298,194.03484460820926,235.8777268898997,187.61335893954637
2065-11-30,161.07427454508024,194.87814727964903,211.83008279238445,125.86183149354932
2065-12-31,153.22870006685045,194.40502591318494,713.267943264943,17.422615260996434
2066-01-31,152.2889085801687,193.7851028023908,450.0808876636553,186.09553566675552
2066-02-28,167.38043158514054,193.61228024842922,211.35413426222047,74.68456615800973
2066-03-31,151.62623606103696,194.23680410007086,213.02063461615762,301.76906677141636
2066-04-30,152.82435662405874,195.08907196395498,137.2912997321121,114.40271230297893
2066-05-31,152.33851555293973,194.39804887313508,650.2683718587222,14.478457799643799
2066-06-30,153.8382374919478,195.06086339476965,213.52546651517824,9.854150015331983
2066-07-31,151.81623319964046,194.40371332728205,154.26337881449433,54.25870152058709
2066-08-31,160.00334423623622,193.98618965249426,131.87908147289514,75.05136206172224
2066-09-30,153.05498584510295,194.02845077989585,213.00774542210047,274.81875721896125
2066-10-31,150.82267571529715,196.05764181613958,139.8962765873311,206.5535576232338
2066-11-30,153.37910424565868,193.79468103223752,139.8962765873311,69.09650052388503
2066-12-31,158.16294672840868,193.9464996251173,1054.9136371454083,54.25870152058709
2067-01-31,158.5157376460958,195.8536374452709,466.27942482123666,159.5617071735364
2067-02-28,153.29660598685695,196.05764181252934,213.12334404108398,213.7699005375591
2067-03-31,150.8901285034769,193.87910343906762,826.2671814445594,74.68456615800973
2067-04-30,154.25556753366183,193.70106530864086,1110.1563605264148,103.37995440727339
2067-05-31,151.97870462039043,194.13290734090108,213.98778247259384,285.40897723766767
2067-06-30,155.66236596096923,195.06086175968437,210.95927541415165,280.2533232765513
2067-07-31,158.8271832711929,193.99276752382048,1054.9136371454083,95.57743360243086
2067-08-31,172.18015332976267,195.70989724730035,691.8680150667113,82.78852543731688
2067-09-30,151.62623606103696,194.14572297271425,210.82166835308158,44.281153455617314
2067-10-31,151.0067614248432,195.9445846247074,214.4507806802352,43.68716110682601
2067-11-30,150.2612890298004,194.40371332728205,212.54224331815348,22.624206705136423
2067-12-31,160.9921093082359,195.20319753337748,923.8692482466025,234.39861948164074
2068-01-31,154.70479681869872,195.06086175968437,215.9953381446713,111.48118998527279
2068-02-29,158.94200261138306,194.39544278489015,212.80415249789695,67.30080033881015
2068-03-31,154.98678673323602,194.40502591318494,1378.4400806636509,206.5535576232338
2068-04-30,153.85887207034483,193.70106712627393,211.9706692813258,300.60689700691324
2068-05-31,152.78163115538462,193.95314958268324,757.2678292556413,313.0918908235552
2068-06-30,150.8093357848541,196.023063353361,213.7193009348859,134.20487145931472
2068-07-31,151.70171048426087,193.9943569976729,215.0824934154358,90.6501730200471
2068-08-31,158.22402396611415,194.06962236947973,130.8667101413434,320.6832163642505
2068-09-30,150.18463788956106,193.98618963795593,215.99980163325492,19.950461157203872
2068-10-31,158.16294672840868,193.79468103251412,535.0734339922383,13.49174463451853
2068-11-30,150.02881128593768,193.79468103223752,133.28271965135514,147.92858808748758
2068-12-31,153.90790586821328,194.14572297271533,215.9953381446713,125.86183149354932
2069-01-31,150.18904694483106,196.05764181613958,210.8420783038693,132.82871448854164
2069-02-28,155.66236596096923,194.08208533920117,215.9953381446713,93.46753053044426
2069-03-31,161.47814061753883,195.70505101183838,213.80194601931862,114.87085879424538
2069-04-30,163.2396363126527,193.98618965249426,215.9521088357049,201.8643803703426
2069-05-31,153.5423509368126,194.02453313213715,898.8673426402444,82.78852543731688
2069-06-30,158.2972804624942,195.20319752853138,213.41525061854563,114.10053578496856
2069-07-31,151.11847459522647,194.09157209370264,135.06331383841672,67.26347085227067
2069-08-31,153.76643760363075,194.9851632373667,154.26337881449433,93.50246400984469
2069-09-30,158.8271832711929,196.11276545926017,212.00932880123705,5.427658582835488
2069-10-31,153.47631880421085,195.20319752853138,208.9990639278543,293.2045804429034
