indice,Temperature,Humidity,PM2.5,PM10,NO2,SO2,CO,Proximity_to_Industrial_Areas,Population_Density,Air Quality Numeric
2010-01-31,29.8,59.1,5.2,17.9,18.9,9.2,1.72,6.3,319,55.83875662410666
2010-02-28,28.3,75.6,2.3,12.2,30.8,9.7,1.64,6.0,611,60.86941022042644
2010-03-31,23.1,74.7,26.7,33.8,24.4,12.6,1.63,5.2,619,58.20646356869859
2010-04-30,27.1,39.1,6.1,6.3,13.5,5.3,1.15,11.1,551,88.92203151867643
2010-05-31,26.5,70.7,6.9,16.0,21.9,5.6,1.01,12.7,303,85.23194477302374
2010-06-30,39.4,96.6,14.6,35.5,42.9,17.9,1.82,3.1,674,23.49774628487497
2010-07-31,41.7,82.5,1.7,15.8,31.1,12.7,1.8,4.6,735,37.0408967771951
2010-08-31,31.0,59.6,5.0,16.8,24.2,13.6,1.38,6.3,443,61.945207046330566
2010-09-30,29.4,93.8,10.3,22.7,45.1,11.8,2.03,5.4,486,30.789908976509373
2010-10-31,33.2,80.5,11.1,24.4,32.0,15.3,1.69,4.9,535,35.71424767270854
2010-11-30,26.3,65.7,1.3,5.5,18.3,5.9,0.85,13.0,529,90.35952411428897
2010-12-31,32.5,51.2,1.6,10.5,21.6,19.3,1.53,5.9,519,60.546691030631024
2011-01-31,20.0,53.3,3.7,12.9,26.1,6.6,1.09,10.2,538,85.51627430316752
2011-02-28,28.6,53.7,28.9,34.0,23.2,4.5,1.02,11.0,508,85.08279358393635
2011-03-31,22.3,80.5,4.5,12.0,17.2,6.3,1.18,10.4,232,91.59088287603892
2011-04-30,32.0,78.9,22.4,29.9,27.5,11.8,1.48,7.9,444,64.45457895966075
2011-05-31,22.9,75.4,4.5,10.4,18.4,3.7,0.96,14.4,359,89.19576284248045
2011-06-30,37.6,81.2,28.1,56.6,46.7,13.7,1.85,4.1,560,30.670001102098503
2011-07-31,34.7,59.3,9.0,15.7,28.5,7.1,1.52,6.1,437,63.162850740380506
2011-08-31,37.8,97.2,0.6,24.6,37.1,11.7,1.13,7.7,803,32.86046284220081
2011-09-30,27.6,44.1,3.5,14.4,30.7,9.4,0.97,8.0,338,62.53771977423828
2011-10-31,27.6,77.5,3.8,10.9,9.1,1.7,1.04,14.4,520,86.53424472831087
2011-11-30,25.6,58.3,0.4,-0.2,25.3,4.5,0.98,10.0,536,94.31296236319761
2011-12-31,24.6,48.4,8.3,15.4,23.3,4.6,1.03,11.2,461,87.42714899169842
2012-01-31,26.2,49.9,0.5,2.0,22.9,2.3,0.94,17.9,581,90.46171922943913
2012-02-29,22.6,62.1,16.4,21.3,17.6,4.8,0.93,11.5,324,94.91758306041257
2012-03-31,30.0,69.2,2.0,3.9,15.3,5.2,1.09,10.1,297,89.8731617397848
2012-04-30,37.6,72.2,10.1,16.6,32.2,6.3,1.85,3.5,637,31.851096864944896
2012-05-31,29.6,65.6,3.4,9.3,20.6,2.9,1.03,10.2,452,91.8551936299855
2012-06-30,52.5,83.9,67.5,91.2,31.6,34.6,2.31,2.9,785,17.51783530208109
2012-07-31,44.7,97.9,34.6,57.3,28.1,22.6,1.78,3.5,562,22.70237746161776
2012-08-31,23.3,45.2,24.0,29.0,26.6,5.3,0.96,10.9,575,87.84872684512978
2012-09-30,35.4,100.2,20.5,33.2,34.4,11.7,1.85,5.1,440,30.185825957182935
2012-10-31,29.7,85.8,84.4,94.4,26.7,19.8,1.55,10.0,744,36.49938261708912
2012-11-30,21.8,79.6,7.1,16.8,14.5,6.0,0.91,10.8,455,87.075875680485
2012-12-31,27.7,86.1,83.3,93.5,25.3,6.8,1.71,7.4,594,59.485435140714586
2013-01-31,27.5,78.9,30.2,34.1,15.3,3.0,0.98,11.1,472,87.79729313613738
2013-02-28,28.0,72.2,18.5,25.0,24.9,6.1,1.32,13.2,480,87.04348393820233
2013-03-31,22.2,50.0,2.3,8.4,23.5,3.7,0.96,10.2,547,85.58603459131919
2013-04-30,33.3,70.1,55.1,72.7,40.5,30.7,2.12,4.9,612,20.914805629973156
2013-05-31,37.5,83.7,3.1,2.2,39.5,29.2,2.61,2.5,898,15.323319515397168
2013-06-30,30.9,94.4,48.3,67.1,31.4,23.3,1.75,4.3,779,31.584950749569902
2013-07-31,39.3,78.9,68.9,85.2,43.7,13.0,1.7,8.5,570,34.61718280364663
2013-08-31,24.7,64.9,17.3,37.0,27.2,14.9,1.48,5.5,453,37.11833956764718
2013-09-30,27.8,62.8,8.7,13.2,29.7,15.8,1.4,8.1,604,56.44844181413114
2013-10-31,17.4,56.5,2.6,6.9,21.0,3.5,0.92,11.6,475,93.22364258261021
2013-11-30,18.1,70.1,3.1,8.1,19.7,5.8,1.18,12.9,273,86.6274534601125
2013-12-31,25.6,78.1,1.1,5.2,21.3,6.1,0.89,10.9,524,91.04964236481214
2014-01-31,22.4,69.3,2.2,8.4,19.6,3.0,0.92,10.2,339,88.87575845240109
2014-02-28,25.3,47.4,70.7,84.8,22.4,8.2,1.59,13.2,587,60.37556355362111
2014-03-31,42.1,89.8,12.1,35.3,41.4,30.4,2.67,2.8,861,20.881312882338655
2014-04-30,27.5,45.3,2.8,10.1,13.7,4.1,0.82,10.6,236,88.01090748775236
2014-05-31,32.6,65.1,4.1,19.3,28.0,14.5,1.45,6.3,509,61.68759704421537
2014-06-30,46.1,100.3,144.0,169.8,42.5,16.1,2.3,7.3,443,16.436179840888556
2014-07-31,33.5,81.2,23.4,56.5,34.2,27.2,1.95,3.7,600,20.504960333348222
2014-08-31,48.1,94.1,4.2,19.0,23.7,6.0,1.57,6.0,625,39.17324297502437
2014-09-30,31.6,76.7,21.4,26.9,30.1,17.4,1.29,7.6,663,64.26346786059511
2014-10-31,29.0,83.5,31.5,44.4,27.0,-2.8,1.49,5.7,538,62.08634130758576
2014-11-30,24.9,82.2,19.5,27.9,25.6,2.0,1.54,8.1,458,62.3164322801156
2014-12-31,27.7,99.4,17.8,29.9,37.5,9.9,1.74,5.4,588,38.6830166237305
2015-01-31,20.8,48.5,16.0,19.7,11.2,2.5,1.17,10.2,432,92.06814157403161
2015-02-28,28.2,71.7,75.2,90.0,30.8,5.0,1.81,4.8,765,30.058087131852467
2015-03-31,32.0,69.7,95.7,110.4,36.1,20.5,2.3,6.8,673,36.37292677271146
2015-04-30,21.5,60.0,14.6,20.6,20.9,1.6,0.94,10.7,587,91.12462639243113
2015-05-31,29.6,63.1,12.8,15.9,22.0,3.8,1.16,11.0,377,86.77843860093091
2015-06-30,17.5,73.8,3.3,8.8,16.2,8.4,0.83,10.8,217,91.74170249955812
2015-07-31,33.2,49.8,1.4,23.3,23.0,25.8,2.06,6.8,730,32.944000992952866
2015-08-31,58.6,66.0,44.0,54.0,44.3,22.7,3.09,5.2,641,19.53738832754601
2015-09-30,28.1,51.8,36.0,40.3,26.4,5.4,1.15,10.8,264,90.925480923206
2015-10-31,32.0,74.9,43.3,45.5,28.8,9.5,1.42,7.8,598,58.26109733817382
2015-11-30,25.0,63.9,9.3,10.8,15.8,4.6,0.92,10.1,490,88.9994355676148
2015-12-31,25.7,69.3,15.7,25.0,27.7,10.6,1.44,9.5,482,56.74129303785442
2016-01-31,35.1,69.2,7.9,30.3,35.3,27.6,2.07,4.9,724,22.086584743230645
2016-02-29,26.7,63.2,6.8,9.3,13.4,4.9,0.98,10.0,358,87.17131245724863
2016-03-31,20.4,44.9,4.6,9.2,20.5,5.7,1.03,10.2,545,88.98234952293379
2016-04-30,24.6,84.2,5.2,19.2,22.5,9.0,1.48,7.3,623,63.894385648003876
2016-05-31,25.9,62.8,25.8,35.6,31.2,19.0,1.48,5.3,411,58.292698305160314
2016-06-30,22.1,54.0,10.6,15.4,13.9,8.9,1.0,10.5,265,88.1450878055508
2016-07-31,34.1,97.9,54.0,76.8,31.6,16.4,2.15,6.6,513,35.965767495692674
2016-08-31,24.9,63.5,6.1,13.9,17.2,4.3,1.18,16.4,390,85.79505174533242
2016-09-30,28.0,55.2,12.4,21.2,27.7,3.7,0.99,10.6,467,86.83832576931323
2016-10-31,26.7,53.9,2.9,6.4,11.1,6.6,0.96,11.8,533,90.34555911440147
2016-11-30,30.4,101.1,28.6,42.6,39.9,4.0,2.2,6.8,639,34.483423881212424
2016-12-31,41.4,65.4,34.3,52.8,42.7,9.4,1.87,2.5,721,18.00298416418699
2017-01-31,25.5,73.4,13.8,21.4,25.7,3.8,0.95,11.0,194,92.5260580875609
2017-02-28,28.2,49.6,17.0,21.7,19.7,11.3,0.99,11.1,214,91.26606265432339
2017-03-31,36.6,75.5,32.2,41.3,32.1,9.4,1.95,4.4,543,39.398655650179776
2017-04-30,18.8,77.7,11.0,15.8,20.0,5.6,1.09,11.2,409,85.51298531829536
2017-05-31,26.3,77.5,23.1,29.5,15.1,3.7,0.92,10.4,399,87.84130494216221
2017-06-30,34.9,96.9,11.4,30.2,36.5,20.3,1.89,6.8,680,30.713486491359664
2017-07-31,23.0,50.7,1.1,5.0,24.8,2.1,1.12,12.4,593,92.53463791746529
2017-08-31,22.3,78.8,19.3,26.0,26.1,5.5,0.82,10.7,214,89.75277079912617
2017-09-30,21.4,76.9,2.3,6.7,23.4,2.8,1.09,14.7,338,88.80759008971695
2017-10-31,44.7,75.6,6.6,28.3,25.7,23.5,2.1,4.1,643,31.988887143008952
2017-11-30,22.4,73.0,12.2,15.0,26.6,3.6,0.97,12.9,266,89.71296754979028
2017-12-31,32.3,82.0,8.8,18.7,29.8,14.7,2.03,5.7,600,35.55612314833873
2018-01-31,33.5,70.8,8.1,16.3,22.0,15.9,1.63,5.1,527,55.236578309663486
2018-02-28,33.1,52.0,7.2,15.9,38.9,12.1,1.46,7.3,452,55.1511812580281
2018-03-31,25.5,48.0,15.5,19.9,18.6,7.7,1.04,10.3,503,85.90308897212492
2018-04-30,29.9,77.8,1.5,23.4,43.8,20.0,1.89,6.0,681,32.19573459348743
2018-05-31,29.3,67.5,1.9,5.0,12.1,4.5,1.12,11.0,576,90.64259172164503
2018-06-30,23.9,73.9,25.9,28.5,21.5,3.1,1.45,5.5,562,62.663809607205934
2018-07-31,23.7,40.0,20.7,23.0,20.4,6.2,1.05,12.5,318,94.66075616116535
2018-08-31,21.9,70.1,5.4,10.4,13.5,1.1,1.09,12.5,224,91.47088074180664
2018-09-30,44.9,105.8,24.5,47.4,39.9,26.7,2.36,4.0,878,15.216861556169047
2018-10-31,27.0,45.5,6.2,13.0,24.3,5.0,1.01,10.7,205,88.20197147411265
2018-11-30,49.6,87.5,81.9,87.0,40.4,18.4,2.14,2.9,631,23.602299162956392
2018-12-31,33.4,78.5,101.6,109.9,19.3,9.2,1.32,5.0,334,64.42640419086662
2019-01-31,23.5,51.6,0.0,8.3,23.5,7.4,0.92,19.7,450,89.63214341988031
2019-02-28,22.2,75.7,19.0,20.7,20.1,5.3,1.03,10.7,316,90.59270738038568
2019-03-31,35.4,51.9,48.4,53.0,21.0,10.4,1.53,6.6,628,55.66292174059756
2019-04-30,41.5,68.2,3.4,15.4,24.5,6.4,1.38,4.8,748,36.79458224883256
2019-05-31,21.0,60.5,4.6,8.9,15.1,6.8,0.93,10.2,378,86.79712555486559
2019-06-30,31.3,73.7,20.3,30.7,31.5,12.5,1.76,7.3,512,55.03825592750792
2019-07-31,46.8,91.6,240.1,261.5,40.3,37.6,2.46,3.1,879,15.39922829272641
2019-08-31,23.9,66.7,14.3,16.9,21.8,7.8,1.07,10.4,413,90.98648786809244
2019-09-30,24.6,45.1,0.4,6.4,21.2,1.7,0.94,10.1,226,89.661119965936
2019-10-31,24.1,59.3,14.4,33.1,31.0,16.7,2.0,5.3,622,37.796018798209346
2019-11-30,41.4,82.2,73.6,89.8,35.1,13.3,2.84,4.1,620,17.549426794368472
2019-12-31,22.5,73.0,0.2,6.2,15.0,5.5,0.95,14.2,543,91.25095962531584
2020-01-31,26.7,57.9,50.0,59.6,26.3,9.4,1.68,6.3,541,63.69177806334294
2020-02-29,24.6,51.3,3.9,8.0,21.7,5.9,0.98,12.8,454,87.94846851102578
2020-03-31,32.0,70.7,8.4,11.3,24.5,6.1,1.6,8.2,382,59.357140981185815
2020-04-30,29.5,77.2,27.9,44.4,26.3,23.1,1.68,7.7,586,37.67912950485252
2020-05-31,32.5,68.3,33.2,40.1,29.0,9.5,1.52,6.5,410,63.452135530864155
2020-06-30,33.0,56.8,1.9,5.0,36.1,7.6,1.75,7.5,481,61.5418270214996
2020-07-31,30.1,86.8,7.3,22.4,27.9,6.0,1.29,6.0,690,56.709656235609465
2020-08-31,22.3,75.4,0.7,4.7,23.7,7.3,0.93,11.4,291,85.487999173533
2020-09-30,27.4,81.5,18.9,30.4,22.6,12.8,1.55,5.1,341,56.53680220724526
2020-10-31,28.3,40.6,2.3,6.9,25.3,4.0,0.88,12.5,590,85.39856583400008
2020-11-30,30.8,68.9,2.0,11.5,23.6,13.0,1.46,7.1,638,60.51291942476213
2020-12-31,27.7,78.7,1.1,20.5,28.2,9.8,1.53,5.5,449,60.59086998297205
2021-01-31,33.3,82.6,1.2,5.6,30.1,5.9,1.32,5.9,310,61.76959157973823
2021-02-28,22.9,66.9,7.8,16.3,21.8,8.1,1.07,10.0,435,90.30721400868589
2021-03-31,29.6,78.9,9.3,19.0,31.3,11.2,1.74,6.8,714,58.77503110414663
2021-04-30,28.0,83.9,20.9,37.3,21.3,11.1,1.56,5.7,442,55.9111481990355
2021-05-31,33.4,85.5,11.7,31.7,41.7,12.4,2.03,3.0,927,18.73758473469396
2021-06-30,22.9,40.5,3.7,7.3,13.4,0.9,1.12,12.6,246,93.14334737194952
2021-07-31,23.1,59.7,13.3,25.3,22.9,14.1,1.3,6.3,598,59.130588091632525
2021-08-31,36.2,77.1,35.3,43.9,20.4,14.4,1.38,5.6,599,64.3664189417763
2021-09-30,27.6,75.9,20.3,25.9,26.6,4.9,1.11,10.8,334,88.98150067948217
2021-10-31,32.8,60.4,1.6,12.8,28.1,5.7,1.36,12.5,406,64.89763207798987
2021-11-30,21.6,71.5,1.3,6.5,23.8,4.8,0.89,13.8,384,91.29542514044802
2021-12-31,31.4,81.8,4.3,17.5,21.8,12.8,1.47,5.1,437,60.19273925300311
2022-01-31,27.4,63.0,11.0,21.1,23.2,9.6,1.27,6.6,333,56.49324774714403
2022-02-28,24.2,64.4,1.1,7.2,11.7,8.6,1.08,10.9,239,94.35465755745517
2022-03-31,47.3,88.4,104.9,127.4,44.6,21.7,2.71,8.2,648,24.6419299782171
2022-04-30,40.0,88.7,29.3,46.0,45.1,20.7,2.03,3.2,821,18.37319252116364
2022-05-31,29.2,72.1,25.5,32.3,13.3,5.7,1.08,10.9,358,89.96266183811542
2022-06-30,20.1,41.7,3.6,8.2,23.2,9.1,0.97,10.4,370,92.10959430271315
2022-07-31,42.6,94.6,17.9,30.1,44.3,4.0,1.91,2.6,525,17.06919739015847
2022-08-31,33.7,72.7,139.4,159.9,33.1,22.8,2.28,5.6,576,30.68521547001331
2022-09-30,29.0,64.0,8.6,21.6,26.6,8.1,1.53,5.0,647,55.97388061349566
2022-10-31,30.7,54.3,5.7,20.8,26.5,13.4,1.87,7.2,437,58.607193763733605
2022-11-30,37.3,90.7,33.6,43.8,35.6,19.6,2.45,3.1,754,19.22173899179564
2022-12-31,33.4,70.5,7.5,15.2,24.1,8.6,1.49,6.0,417,58.375930599897174
2023-01-31,33.7,89.4,30.0,47.3,26.5,8.1,1.41,6.0,613,61.95875811593178
2023-02-28,23.0,44.6,23.1,28.1,16.2,9.0,0.95,10.0,437,88.1448945061588
2023-03-31,28.9,80.1,8.6,19.7,31.1,10.3,1.61,8.1,562,57.55584854023248
2023-04-30,33.5,97.1,10.5,24.1,26.8,16.5,2.13,5.1,686,38.385475321451615
2023-05-31,25.2,42.6,10.5,18.0,24.7,7.0,0.89,10.8,517,86.18752030766284
2023-06-30,30.2,79.7,21.1,25.3,30.6,6.5,1.63,5.9,609,59.91472406856445
2023-07-31,35.6,74.6,64.2,76.2,43.9,17.4,2.61,3.5,679,37.624790123211355
2023-08-31,32.4,64.3,58.1,74.1,14.2,9.7,1.41,5.5,489,56.48650711730687
2023-09-30,35.0,80.5,43.6,55.1,27.9,11.3,1.65,6.9,664,55.02995938492334
2023-10-31,37.3,98.6,68.4,85.3,37.5,16.9,2.34,9.0,695,31.64168169457529
2023-11-30,29.3,78.5,14.8,19.2,29.3,-0.4,1.48,8.0,451,63.26664611392747
2023-12-31,15.4,64.2,5.5,10.5,15.4,4.1,1.0,12.7,549,89.76888722057195
2024-01-31,31.0,57.1,22.1,27.2,35.5,8.1,1.54,8.5,713,56.66820640895706
2024-02-29,29.5,83.3,4.7,22.7,35.9,14.7,2.97,5.2,631,39.170306643113136
2024-03-31,21.8,61.9,27.4,31.3,23.8,7.7,0.96,10.8,340,89.20503533994423
2024-04-30,30.2,87.8,3.4,15.9,36.0,14.2,1.47,7.3,399,61.220554536026036
2024-05-31,28.0,65.1,3.5,5.2,18.7,7.9,0.9,10.7,458,89.69118762881955
2024-06-30,31.3,46.6,1.4,7.5,21.8,4.4,0.87,10.8,233,90.99778242173842
2024-07-31,22.8,83.4,28.2,42.9,42.6,9.8,1.71,4.5,818,36.3384813628189
2024-08-31,25.9,55.8,21.4,29.3,23.4,9.6,1.17,5.7,612,56.56977577370711
2024-09-30,36.2,87.2,2.4,17.5,50.9,31.5,3.04,5.1,937,23.303091451335213
2024-10-31,31.4,78.7,7.7,14.3,38.1,17.5,1.75,5.4,549,33.21417780728498
2024-11-30,34.4,86.3,28.4,50.6,34.5,42.3,2.28,3.2,685,23.903873785968273
2024-12-31,23.2,57.5,17.8,26.2,11.0,2.9,1.19,10.4,500,87.71370702850692
2025-01-31,30.5,89.7,117.0,138.7,40.6,33.9,2.22,6.4,574,22.857305516542283
2025-02-28,24.0,53.4,5.3,10.8,34.8,15.9,1.16,6.4,728,58.157257290833634
2025-03-31,32.1,73.6,39.4,54.8,39.5,6.8,2.0,4.2,493,38.93214996512027
2025-04-30,14.1,54.5,3.6,8.3,17.4,7.0,0.99,10.1,238,93.56349885127258
2025-05-31,27.6,52.0,48.9,53.6,28.7,5.1,1.65,5.6,364,61.302631361998955
2025-06-30,21.5,72.6,4.5,9.5,22.4,4.7,0.98,12.5,391,88.39284467325818
2025-07-31,31.3,101.5,33.4,52.8,28.7,18.2,1.97,7.6,488,37.025259161563625
2025-08-31,28.8,76.6,17.2,34.6,27.9,6.5,1.44,5.4,405,59.542340284284386
2025-09-30,31.1,56.4,10.7,17.0,12.9,5.1,1.07,10.0,572,87.22594632563755
2025-10-31,28.0,55.4,3.0,15.1,22.8,21.8,1.76,5.1,405,61.281491037180515
2025-11-30,38.1,69.3,6.5,23.6,41.6,16.5,1.46,6.4,806,39.055626955539665
2025-12-31,41.5,91.3,79.5,93.5,30.0,12.8,1.99,10.4,561,36.887795987203134
2026-01-31,33.1,99.2,17.6,47.1,41.1,26.4,2.45,6.8,623,15.140948580946311
2026-02-28,28.2,89.5,44.9,53.9,29.1,12.1,1.29,6.7,544,55.67810605275981
2026-03-31,33.6,81.2,20.2,30.3,30.2,10.6,1.24,6.3,714,56.72031778944421
2026-04-30,32.5,53.4,45.9,52.7,27.2,10.8,1.21,7.5,513,64.38288575039951
2026-05-31,24.5,65.2,8.3,14.3,15.0,5.4,1.0,11.2,368,91.76674185179841
2026-06-30,29.2,74.5,19.6,32.3,29.3,7.9,1.46,11.8,629,63.049001931276734
2026-07-31,36.2,84.9,42.2,72.0,30.9,23.4,1.98,3.5,619,20.27882110088985
2026-08-31,27.0,50.4,17.4,30.2,19.1,10.5,1.68,5.6,490,56.82203798115345
2026-09-30,26.2,47.6,16.4,20.2,24.0,9.9,0.85,11.5,506,89.25968660313634
2026-10-31,24.5,93.6,22.3,31.7,22.4,11.6,1.81,8.3,585,60.50295466427899
2026-11-30,28.7,64.6,12.1,17.6,14.2,6.2,1.04,11.1,600,87.22775596841677
2026-12-31,24.9,64.4,10.9,15.2,14.0,4.4,1.12,10.5,354,88.14773074389583
2027-01-31,38.3,99.0,8.2,27.2,24.9,13.9,2.69,3.8,808,33.83000020147567
2027-02-28,25.9,64.2,1.5,10.3,23.6,-0.4,0.93,11.5,386,85.83021598677102
2027-03-31,22.8,65.1,3.1,10.6,11.1,4.9,0.88,12.0,500,91.55685679208192
2027-04-30,32.5,75.1,24.9,36.0,25.8,6.3,1.69,6.4,516,64.38648752835304
2027-05-31,25.1,59.5,6.0,11.3,25.8,0.7,0.9,10.7,231,93.40714506780377
2027-06-30,32.9,49.6,24.0,28.5,22.0,8.8,1.64,5.3,518,61.46009719282542
2027-07-31,28.0,80.2,27.7,28.8,34.3,12.3,1.55,6.2,631,55.358068154448425
2027-08-31,26.1,48.5,5.3,10.5,18.4,5.0,0.99,10.4,547,85.79629267431187
2027-09-30,28.0,90.3,35.4,58.2,41.2,7.9,2.06,5.1,662,35.735573062402615
2027-10-31,37.8,79.1,63.0,85.1,52.6,20.1,2.6,6.5,778,17.67053621111079
2027-11-30,31.6,102.7,80.5,96.9,35.0,1.7,2.0,4.4,630,32.63391865052692
2027-12-31,30.4,63.8,12.2,22.1,31.3,15.5,1.7,5.0,389,64.04077151641108
2028-01-31,25.5,38.3,3.6,8.8,19.1,6.6,1.05,17.8,379,94.72162905815738
2028-02-29,36.6,78.5,6.0,25.9,45.5,17.8,1.58,4.0,470,39.401617400553604
2028-03-31,29.8,60.2,10.7,19.8,24.9,12.4,2.0,6.4,472,63.97863203449527
2028-04-30,33.7,96.3,70.8,87.3,32.9,17.0,2.33,4.8,557,23.964671177127837
2028-05-31,26.2,62.0,79.2,86.0,31.4,7.6,1.46,5.9,615,64.00714111284947
2028-06-30,27.6,61.5,0.0,4.5,25.1,4.3,1.07,11.0,536,92.2526621669089
2028-07-31,30.8,60.3,1.1,3.6,21.2,5.1,0.96,11.4,470,91.1160860911333
2028-08-31,23.7,51.7,19.1,22.2,24.0,7.0,1.07,10.6,371,94.35600402417812
2028-09-30,43.1,75.5,6.4,14.2,38.8,11.0,2.24,9.0,644,38.35602829666794
2028-10-31,29.1,61.2,12.1,18.5,17.5,5.1,2.03,9.3,502,62.12031291106815
2028-11-30,28.4,48.0,11.1,17.7,15.1,7.6,1.06,16.4,334,92.03115337979423
2028-12-31,34.5,86.1,9.0,21.6,39.1,7.5,1.79,5.2,450,56.243544978302594
2029-01-31,20.4,52.8,11.7,16.7,24.4,2.3,1.05,10.1,430,93.74297406424722
2029-02-28,30.9,92.2,10.7,19.0,38.1,9.6,2.55,4.8,429,32.67754895295646
2029-03-31,23.4,54.7,10.2,12.8,11.4,4.5,1.13,10.9,362,89.78278432771015
2029-04-30,28.8,76.6,124.1,135.5,32.0,10.0,2.02,5.0,566,32.589362904555806
2029-05-31,36.4,80.3,103.0,106.4,26.5,22.3,2.38,3.7,844,24.643358283843085
2029-06-30,29.8,75.8,1.1,19.5,29.7,4.0,1.78,6.3,402,60.39163793048206
2029-07-31,24.2,55.9,8.4,10.9,17.2,7.2,0.96,14.8,497,87.9959704618126
2029-08-31,32.1,54.6,3.8,13.6,28.1,20.3,1.54,5.2,701,59.356749018210394
2029-09-30,31.6,97.6,85.9,101.9,45.0,25.8,1.82,7.4,804,36.38024006615546
2029-10-31,23.3,42.6,7.4,10.6,23.7,5.2,1.14,13.4,292,87.32623118647712
2029-11-30,26.7,100.1,3.9,18.1,30.7,15.5,1.62,3.7,457,37.72965720554654
2029-12-31,31.3,100.3,7.0,26.4,30.4,20.2,2.19,4.2,770,34.48251097899875
2030-01-31,29.6,83.0,4.0,14.1,22.2,3.2,1.05,11.9,225,90.18997510673742
2030-02-28,25.3,83.3,33.9,44.0,35.9,9.1,1.41,6.2,488,58.960967374363904
2030-03-31,26.4,60.3,6.5,13.2,21.8,5.1,0.88,11.1,412,93.1066175986325
2030-04-30,23.9,61.4,28.2,40.3,37.0,11.3,1.56,6.9,559,58.791621332306605
2030-05-31,23.9,61.8,3.2,9.9,18.6,5.2,0.93,13.6,438,93.78563177402584
2030-06-30,32.5,71.3,11.8,30.9,26.1,23.5,2.16,5.4,730,39.16008795647805
2030-07-31,38.7,71.9,5.4,31.0,50.3,15.6,2.81,6.4,503,24.515817952687325
2030-08-31,32.4,83.3,2.3,18.4,30.9,15.1,1.54,5.0,355,64.04227864849862
2030-09-30,26.7,71.3,6.2,12.7,23.6,5.9,1.04,11.1,389,87.62523847193249
2030-10-31,50.9,79.9,22.5,52.0,38.2,9.0,2.65,8.4,611,23.291101386555923
2030-11-30,34.7,88.9,8.9,16.1,33.3,8.5,1.19,6.0,447,57.694145948259596
2030-12-31,33.5,56.1,0.1,8.8,31.2,5.7,1.41,5.6,351,58.191880663985486
2031-01-31,26.0,54.9,16.6,22.4,21.3,7.0,1.02,12.2,210,91.53512671318953
2031-02-28,28.2,68.1,7.2,9.1,20.8,4.7,1.07,10.2,379,86.40892961664932
2031-03-31,23.4,42.5,1.9,6.4,20.6,4.3,1.19,11.3,493,93.80204701385615
2031-04-30,25.6,52.6,1.9,3.6,13.5,6.2,1.07,11.4,492,85.44473865172904
2031-05-31,22.5,41.5,0.3,7.1,17.3,3.2,1.01,11.4,212,85.99961439244738
2031-06-30,33.5,75.7,2.3,18.1,29.4,10.1,1.45,6.0,633,58.47096122614251
2031-07-31,47.2,78.4,17.9,46.0,42.9,21.1,2.36,2.8,517,18.18425939989644
2031-08-31,35.8,60.1,2.9,13.9,22.2,14.5,1.59,7.7,661,62.6885158711554
2031-09-30,29.5,72.7,9.3,25.0,21.2,9.7,1.59,7.5,404,58.788705889707344
2031-10-31,31.7,47.3,1.2,6.9,11.5,5.5,1.18,15.7,451,93.08545892828009
2031-11-30,21.5,73.3,1.8,8.5,18.6,8.3,0.94,13.1,207,86.64828762588624
2031-12-31,40.0,66.1,21.7,41.3,28.1,2.7,1.66,5.9,745,38.839540355380294
2032-01-31,39.1,82.4,24.3,49.8,28.2,11.5,2.03,8.5,818,37.994024508028915
2032-02-29,27.2,43.8,18.4,23.1,21.5,2.6,1.03,12.1,253,93.7153505960892
2032-03-31,39.6,96.2,47.1,65.4,35.8,17.1,2.03,5.2,661,39.736077533040806
2032-04-30,40.2,91.9,22.3,34.2,43.7,17.4,2.07,3.1,900,22.146514752704853
2032-05-31,26.4,77.1,20.6,24.8,24.1,12.4,1.46,6.7,576,56.87252933160685
2032-06-30,47.4,93.1,72.7,96.6,34.3,14.9,2.54,5.7,797,15.734059507938827
2032-07-31,29.7,74.4,0.6,6.0,22.4,3.5,0.74,11.6,583,91.59892724068598
2032-08-31,25.2,63.2,8.9,19.6,41.7,9.9,2.14,5.1,473,37.618810716772934
2032-09-30,25.0,75.7,4.7,9.3,21.2,5.2,1.15,16.0,541,86.81030622005049
2032-10-31,30.8,67.6,6.0,15.4,29.2,6.0,1.42,8.7,564,60.62130401202945
2032-11-30,30.2,56.8,0.2,4.7,24.6,10.2,1.49,5.3,696,59.964857734108534
2032-12-31,21.5,74.6,0.3,8.1,15.9,6.3,1.02,15.6,381,90.84332755925557
2033-01-31,33.1,84.4,3.7,9.5,17.2,8.9,1.61,5.7,504,58.88151375234142
2033-02-28,24.1,47.5,22.8,26.0,26.5,4.1,0.91,12.2,406,88.12344274574713
2033-03-31,35.4,84.6,34.1,42.9,23.9,9.4,1.63,9.1,629,59.50613551782652
2033-04-30,25.8,76.6,8.6,16.5,22.4,6.2,0.99,16.7,514,89.76260297921128
2033-05-31,24.7,51.4,18.6,23.5,17.1,5.5,1.01,12.1,443,91.04062937715892
2033-06-30,23.1,100.8,7.4,30.0,28.5,16.3,1.8,7.2,711,35.84135237125168
2033-07-31,54.6,90.7,48.9,62.9,30.1,11.5,2.74,3.7,617,18.991695000913435
2033-08-31,35.9,87.0,26.4,34.1,29.2,17.2,1.33,6.5,619,58.897044916595604
2033-09-30,30.5,75.1,21.5,34.0,25.6,7.6,1.21,6.1,401,56.47404259227747
2033-10-31,32.0,48.8,0.7,15.8,16.9,8.6,1.65,5.2,662,57.529168868833864
2033-11-30,28.3,52.1,5.1,9.8,19.3,2.7,0.9,10.9,271,93.35052805641055
2033-12-31,31.2,75.9,57.6,80.4,38.9,28.6,2.15,3.4,463,36.912185669154766
2034-01-31,27.5,55.1,3.8,14.9,20.3,5.2,1.38,6.3,629,60.25379648056072
2034-02-28,42.7,63.3,82.1,103.4,45.4,29.3,2.26,7.4,747,39.466337252399924
2034-03-31,30.2,77.2,34.4,44.0,33.6,12.7,1.34,6.4,372,57.39598641618222
2034-04-30,36.0,70.7,69.5,78.1,29.1,16.2,2.28,7.2,420,34.53477705395752
2034-05-31,36.5,103.6,19.1,50.4,49.3,7.4,2.15,3.3,879,16.608846110561423
2034-06-30,26.3,54.7,2.0,8.2,27.9,3.4,1.05,17.0,330,91.18561183158243
2034-07-31,53.1,70.2,60.3,81.9,32.2,16.0,2.28,2.7,526,19.481399774783572
2034-08-31,26.5,52.8,1.2,10.0,26.5,3.4,0.91,12.1,377,89.20553556150861
2034-09-30,20.3,66.8,18.9,21.1,25.5,5.0,0.96,11.3,416,85.19942419293861
2034-10-31,30.0,66.1,17.3,25.3,30.5,6.0,1.55,8.0,482,55.40914273824715
2034-11-30,32.0,79.0,117.8,127.8,39.4,28.4,2.75,9.2,774,17.795270417095892
2034-12-31,26.2,41.0,0.3,6.4,23.4,7.3,1.05,10.5,432,88.18543167405085
2035-01-31,24.6,46.5,5.9,13.0,14.2,6.7,0.96,10.5,547,93.7457969699848
2035-02-28,24.3,72.9,1.9,10.4,22.7,2.1,0.89,10.8,300,87.14607503139963
2035-03-31,22.7,70.9,15.8,19.6,17.4,5.6,0.99,11.4,516,93.44356786116023
2035-04-30,23.8,57.9,21.9,27.3,21.9,4.3,1.02,11.1,336,93.16803903319627
2035-05-31,24.3,69.1,60.1,76.5,21.4,9.2,1.44,5.7,512,63.667422691682724
2035-06-30,32.7,94.8,7.8,15.2,34.1,9.8,1.63,5.4,392,61.25918344394946
2035-07-31,29.0,51.7,8.4,13.0,16.5,5.0,1.01,10.1,226,86.71337440542469
2035-08-31,27.7,69.1,13.6,19.1,21.6,4.6,1.07,10.5,231,93.64527758684397
2035-09-30,24.6,64.6,17.1,20.3,20.5,6.7,0.9,10.5,355,91.83306306069645
2035-10-31,21.9,77.4,21.1,27.8,21.1,4.5,1.03,10.0,384,89.8103705624739
2035-11-30,23.7,75.4,8.4,15.0,24.2,2.6,1.01,11.5,275,89.93766006235997
2035-12-31,26.7,41.8,1.5,6.5,25.5,2.5,1.07,10.5,303,87.71045843617861
2036-01-31,32.8,81.0,13.6,22.2,35.2,7.3,1.31,9.1,534,59.96508354838336
2036-02-29,28.9,109.5,3.6,21.7,62.1,13.5,2.35,2.7,678,18.097333820643513
2036-03-31,29.7,80.8,7.3,14.8,30.4,7.2,1.73,8.4,606,55.7986723304065
2036-04-30,20.0,79.1,1.4,3.5,22.5,4.8,0.89,10.3,407,90.57899365915056
2036-05-31,32.9,66.9,5.2,8.6,30.6,14.0,1.47,10.5,485,60.68459977341635
2036-06-30,21.8,69.0,0.7,7.9,10.2,6.3,0.95,11.6,489,88.07581168009023
2036-07-31,20.5,58.3,1.8,6.7,14.6,4.8,0.78,16.0,260,86.08610664547847
2036-08-31,25.4,59.1,16.0,16.6,15.2,6.8,1.04,10.5,439,87.25710201424633
2036-09-30,22.2,74.0,90.0,99.8,29.1,10.7,1.94,5.2,573,30.18186466994149
2036-10-31,40.6,95.1,37.4,46.7,42.9,21.3,2.16,2.8,679,16.64237503238676
2036-11-30,33.2,60.0,54.5,65.5,20.2,7.9,1.42,9.0,418,59.4212575933222
2036-12-31,28.5,69.0,16.3,25.3,23.0,7.7,1.71,5.5,344,58.61474677229175
2037-01-31,30.3,86.7,6.2,30.2,36.5,17.8,2.31,2.9,465,22.273065657817355
2037-02-28,34.9,96.2,48.5,66.5,29.0,15.2,2.4,6.0,569,34.396088484562085
2037-03-31,28.0,76.6,24.8,35.9,28.1,13.4,1.53,7.4,440,62.68129181387308
2037-04-30,27.0,92.6,9.9,20.1,24.3,11.1,1.19,6.2,453,58.24576986322841
2037-05-31,24.1,65.6,0.2,7.1,24.7,6.1,1.1,13.2,370,93.0532350888216
2037-06-30,34.0,63.3,3.0,23.6,28.6,14.2,2.07,10.1,548,33.304129163345785
2037-07-31,25.7,69.3,64.5,78.8,26.5,10.3,1.87,12.2,579,38.075018653800825
2037-08-31,23.5,62.5,1.8,7.3,25.2,3.4,1.16,11.7,501,86.77870744612572
2037-09-30,22.1,50.4,4.0,11.5,14.3,9.7,0.95,13.6,466,93.29272091617945
2037-10-31,29.6,44.2,24.7,27.3,27.5,7.7,1.01,10.5,315,93.1970021794518
2037-11-30,38.8,90.1,63.2,69.5,44.7,23.5,2.35,3.5,771,18.373917947445648
2037-12-31,29.8,62.8,22.2,32.8,36.9,1.1,1.55,5.0,437,56.31190074342436
2038-01-31,26.6,54.5,3.9,10.3,24.2,5.5,1.09,10.3,580,90.49746113700446
2038-02-28,35.5,84.7,9.4,20.0,25.3,14.9,1.55,6.7,626,59.19312112749146
2038-03-31,37.1,72.4,60.3,68.4,35.5,14.0,2.17,3.4,580,30.515664666043197
2038-04-30,35.4,65.0,22.6,46.2,37.5,23.0,2.01,3.7,509,36.64508921834219
2038-05-31,42.2,66.0,33.3,51.4,48.0,12.8,2.54,3.6,709,18.24807492030709
2038-06-30,24.7,79.4,5.9,9.0,19.3,0.7,0.91,10.6,219,91.46960034312197
2038-07-31,28.7,63.6,4.2,10.2,20.8,3.2,0.92,11.6,487,90.06735531789325
2038-08-31,20.8,68.0,7.4,11.4,10.6,7.4,0.95,10.8,316,85.672997283107
2038-09-30,21.7,45.4,19.9,25.3,22.8,3.9,0.78,13.8,385,91.74663314697007
2038-10-31,34.4,85.0,31.7,53.6,50.5,35.4,2.5,3.8,822,22.78022659477608
2038-11-30,19.4,70.6,8.2,14.2,21.1,0.4,0.99,10.2,262,86.5394702487469
2038-12-31,26.0,68.3,7.8,13.9,11.7,2.7,0.99,12.3,307,92.64352093445117
2039-01-31,50.3,97.4,17.5,38.7,46.5,32.9,2.49,4.8,588,18.814357011270083
2039-02-28,20.5,80.0,1.0,3.2,23.6,2.8,0.91,13.4,276,86.15504166487943
2039-03-31,36.7,75.1,19.7,40.7,38.1,26.6,2.67,11.5,875,24.94424546845302
2039-04-30,24.3,44.2,9.5,12.5,18.8,-0.2,0.83,10.6,341,89.20618101662463
2039-05-31,34.0,73.4,3.5,18.7,29.6,8.2,1.38,6.5,522,61.520886620009044
2039-06-30,37.0,93.9,17.0,34.1,33.3,11.4,1.86,3.1,684,18.416349752270236
2039-07-31,29.2,60.6,1.7,16.0,32.7,13.3,1.91,7.2,637,56.15378127671923
2039-08-31,23.1,43.1,4.1,7.9,22.7,8.0,1.03,10.1,499,89.63046167480722
2039-09-30,19.6,55.5,0.1,3.9,18.9,5.3,1.1,10.6,198,94.62753188376016
2039-10-31,26.3,66.7,1.3,5.7,16.4,5.9,0.97,15.6,205,94.36370933071416
2039-11-30,24.0,56.9,2.9,6.9,13.0,8.2,1.14,11.3,360,88.04679108671769
2039-12-31,24.3,48.2,16.8,25.9,19.4,3.9,0.97,14.8,544,89.99442797897866
2040-01-31,25.3,77.0,4.6,11.2,20.1,6.4,1.03,11.3,282,92.53383897848217
2040-02-29,27.8,78.1,1.1,19.8,26.7,10.7,1.28,9.3,376,63.39332264405813
2040-03-31,44.0,80.4,18.0,29.5,27.9,8.5,2.12,4.1,685,39.22920360438884
2040-04-30,22.6,46.7,19.2,26.8,26.5,6.7,0.82,13.7,354,90.71712571615585
2040-05-31,30.8,47.7,11.0,16.4,25.7,5.5,1.11,10.1,332,86.22773742412213
2040-06-30,22.5,68.9,3.9,8.4,12.8,4.8,1.08,10.5,447,88.79849340090313
2040-07-31,43.3,59.3,62.2,74.7,33.0,19.2,2.44,3.6,801,32.359178890331854
2040-08-31,26.7,54.1,4.7,16.1,21.0,6.3,1.24,5.7,613,64.81208974789996
2040-09-30,27.3,67.7,2.4,9.2,24.6,7.6,1.13,11.1,249,86.50981490620866
2040-10-31,26.3,47.2,3.0,5.5,24.7,0.7,1.08,10.7,368,87.13656608516028
2040-11-30,38.1,61.3,8.5,27.1,21.9,13.0,1.61,5.5,343,55.5721167615779
2040-12-31,44.8,113.0,30.2,52.0,41.5,23.3,2.53,3.3,677,16.679980895170743
2041-01-31,26.6,55.2,9.7,11.1,23.5,15.7,1.87,7.1,576,64.68268038138602
2041-02-28,35.7,49.1,18.1,26.5,29.1,13.4,2.24,3.9,649,36.332553214819505
2041-03-31,30.6,72.5,7.3,12.3,28.1,10.0,1.68,5.4,555,59.312763563035695
2041-04-30,33.4,86.5,169.2,194.7,48.7,4.6,2.36,6.5,737,38.48907306974286
2041-05-31,27.8,74.4,13.2,22.2,22.8,6.5,1.69,5.4,422,60.333053933202095
2041-06-30,30.7,76.4,18.3,31.9,27.6,11.6,1.54,5.9,516,61.75827080750713
2041-07-31,23.5,67.6,0.2,4.3,24.5,6.4,1.19,14.6,412,90.49318412253616
2041-08-31,39.0,87.2,32.8,43.8,29.9,9.0,1.03,7.6,482,59.16110615437657
2041-09-30,33.5,43.8,46.5,61.9,22.9,5.2,1.71,10.8,523,61.2195453903018
2041-10-31,40.6,85.2,31.6,44.8,30.5,19.0,2.66,4.5,554,32.913858545394554
2041-11-30,21.8,53.6,1.9,13.1,20.8,9.0,1.43,5.0,309,55.95464994673207
2041-12-31,27.4,64.6,21.8,37.7,22.3,5.6,1.45,6.4,465,63.95533371766841
2042-01-31,31.3,65.1,26.0,33.8,27.3,22.0,2.01,4.4,631,37.00219651769697
2042-02-28,29.9,86.8,33.4,41.3,20.6,8.3,1.46,10.6,295,58.17469340290397
2042-03-31,30.6,93.2,5.5,9.5,28.7,15.3,1.41,5.9,393,63.603172058637696
2042-04-30,36.6,68.4,28.3,42.4,44.2,6.6,2.11,3.8,726,33.94313659407079
2042-05-31,28.2,50.1,8.9,16.9,17.6,0.8,1.05,10.4,291,86.98448514379459
2042-06-30,42.1,87.0,83.5,97.7,42.5,5.3,2.18,11.6,712,38.48282962498318
2042-07-31,25.6,49.2,1.5,5.8,10.9,3.8,1.04,15.7,293,93.82938908198199
2042-08-31,35.9,98.2,11.4,18.9,54.1,32.5,2.71,3.9,560,20.83791227658963
2042-09-30,31.5,71.1,20.4,35.1,39.2,10.9,2.11,10.5,562,33.52260314440754
2042-10-31,41.1,71.6,6.9,30.1,37.9,8.3,1.8,3.8,713,37.427212109760255
2042-11-30,25.6,66.5,8.5,14.5,12.9,3.7,0.94,13.2,354,86.51066210271568
2042-12-31,24.9,47.8,3.3,7.8,17.1,6.7,1.05,13.4,581,89.83797867965366
2043-01-31,24.8,58.3,13.8,19.1,14.5,9.5,1.0,12.2,437,87.80977272712337
2043-02-28,27.6,73.0,9.8,18.7,29.8,19.9,1.62,4.6,705,35.73850207948483
2043-03-31,32.4,80.4,36.4,52.2,36.8,21.1,1.76,9.0,643,32.271938669786906
2043-04-30,34.4,72.7,26.3,39.6,29.3,14.9,1.51,9.0,439,58.04863395614886
2043-05-31,27.8,49.2,9.9,14.9,23.8,7.4,1.04,10.5,441,86.67553519160361
2043-06-30,41.7,93.9,8.3,22.4,36.1,22.3,2.06,3.8,497,34.06714605967423
2043-07-31,30.2,61.0,21.4,31.3,18.7,7.4,1.48,6.9,638,57.120281575236405
2043-08-31,27.1,51.4,33.1,36.6,12.1,8.4,1.03,11.1,241,88.47258668769312
2043-09-30,40.3,89.3,193.1,212.6,39.0,18.2,2.32,10.2,758,22.824530351394053
2043-10-31,24.4,77.3,19.6,24.8,41.2,17.6,1.85,3.8,656,31.53983722415132
2043-11-30,28.9,56.2,30.9,40.8,23.7,9.1,1.63,6.4,572,60.871704734146874
2043-12-31,26.6,38.3,9.7,14.7,20.3,5.2,1.07,11.4,375,85.45489171283499
2044-01-31,24.4,48.1,14.8,19.8,24.5,4.3,0.87,12.0,381,88.1121039994102
2044-02-29,27.4,44.7,12.7,22.1,22.0,8.7,1.18,5.8,363,59.156056190723994
2044-03-31,32.8,90.8,3.6,15.0,33.4,25.2,1.6,4.0,643,34.18978409027871
2044-04-30,36.6,49.9,2.0,14.5,30.5,9.1,1.29,5.4,565,55.571302510109426
2044-05-31,35.7,73.1,2.8,7.9,26.9,14.5,1.77,6.2,421,61.82132659553593
2044-06-30,31.0,76.0,64.6,88.8,43.9,4.1,2.35,4.9,804,30.740176334764968
2044-07-31,36.7,81.2,17.3,37.3,32.9,17.5,1.9,4.0,445,37.81759945423335
2044-08-31,24.2,55.2,11.6,28.8,24.8,9.9,1.5,7.8,350,63.64658993435956
2044-09-30,29.6,53.4,2.6,9.9,22.2,4.6,1.09,13.7,297,87.15372067498484
2044-10-31,33.0,56.9,17.9,20.6,33.1,7.0,1.84,5.6,606,59.47801034714291
2044-11-30,20.9,69.9,0.4,6.7,23.2,4.4,0.87,15.2,520,92.30282886485142
2044-12-31,25.7,42.0,10.0,17.4,22.7,7.2,1.16,10.4,384,89.40595728989898
2045-01-31,30.0,87.5,33.8,43.1,28.7,12.2,1.63,6.3,561,56.06041699670251
2045-02-28,23.7,73.8,3.1,4.2,11.1,4.1,0.97,14.5,447,89.67535687367817
2045-03-31,21.2,64.0,0.8,7.1,15.7,4.7,0.87,13.1,456,86.65018117622671
2045-04-30,23.1,43.9,5.9,8.1,20.4,5.4,1.06,11.1,564,91.15191879636978
2045-05-31,21.7,53.2,10.9,15.2,25.4,6.7,1.02,16.2,301,87.40002151498726
2045-06-30,23.5,46.1,2.8,8.1,24.4,6.4,1.09,11.9,357,90.95763460043867
2045-07-31,39.2,73.7,23.5,44.1,43.7,15.4,2.49,3.0,787,15.632474715066525
2045-08-31,37.3,59.7,12.2,26.6,37.7,24.1,2.25,4.1,640,36.498086903458656
2045-09-30,32.9,110.4,20.8,40.4,32.0,25.8,2.5,5.0,775,15.611539567714237
2045-10-31,32.9,63.2,13.1,24.0,23.1,4.1,1.32,11.1,522,62.607836873601975
2045-11-30,32.5,55.7,5.6,10.7,26.0,12.7,1.54,5.7,298,63.65650458183036
2045-12-31,37.6,90.9,76.1,78.8,38.6,11.1,1.74,4.7,506,36.77790529394289
2046-01-31,24.0,45.4,0.8,6.6,13.5,5.0,1.11,12.1,603,91.26471839911372
2046-02-28,33.1,69.0,6.8,15.0,36.9,15.0,1.55,3.7,712,36.61906889772203
2046-03-31,33.6,46.6,4.1,9.1,21.0,5.8,0.92,13.8,204,87.3932829380609
2046-04-30,23.9,56.6,43.9,53.1,16.5,7.1,1.13,10.8,520,92.47351703531092
2046-05-31,32.0,71.7,7.6,19.2,22.9,10.4,1.28,5.4,560,59.23435966388915
2046-06-30,20.5,56.2,3.8,10.4,12.3,3.1,0.98,14.5,459,93.8865023757998
2046-07-31,26.8,60.5,1.3,9.1,16.4,4.6,0.94,11.5,359,86.31970654700541
2046-08-31,29.7,75.5,27.5,33.0,23.8,8.2,1.32,7.3,554,55.06399561156565
2046-09-30,28.5,66.5,42.6,52.4,23.2,9.6,1.63,7.9,463,61.589413745055815
2046-10-31,36.2,95.0,9.8,31.8,34.3,24.1,2.12,6.9,681,37.19741535839931
2046-11-30,20.9,50.7,0.7,7.2,11.5,3.2,0.82,12.2,298,89.45058702629362
2046-12-31,26.4,58.4,10.6,15.2,26.4,6.8,1.0,10.0,350,92.34876760371841
2047-01-31,28.4,38.8,1.8,8.4,10.5,5.6,0.99,12.5,560,94.3577847007615
2047-02-28,24.1,67.6,2.9,8.9,10.8,4.4,0.96,12.4,480,91.366483325723
2047-03-31,41.3,82.5,51.7,59.3,29.5,8.0,1.61,5.3,479,62.670706956499295
2047-04-30,25.9,44.8,1.7,7.4,24.4,6.4,0.97,10.4,574,86.13603926129643
2047-05-31,26.7,56.9,5.8,10.7,17.3,5.7,0.83,10.9,257,85.09086613559573
2047-06-30,30.7,76.4,13.8,18.9,23.5,2.8,0.9,12.9,302,90.570436742289
2047-07-31,38.3,86.8,38.0,50.8,22.5,7.1,1.41,5.4,311,56.41629899070945
2047-08-31,24.2,58.2,35.6,39.3,16.7,5.0,0.92,10.6,360,92.6746474188086
2047-09-30,40.9,81.8,0.7,15.7,27.7,17.9,1.82,5.9,577,30.445575506958242
2047-10-31,16.4,46.2,16.8,20.2,16.0,1.6,0.8,14.4,189,93.46432899341342
2047-11-30,31.1,75.3,1.5,4.9,21.1,2.0,1.14,10.5,337,93.22915956023643
2047-12-31,27.8,94.0,44.7,59.3,29.8,12.5,1.46,5.7,687,60.93844714297852
2048-01-31,26.5,59.9,92.7,98.0,25.4,-0.5,0.92,11.6,485,91.78493870940791
2048-02-29,22.0,69.7,32.0,34.7,28.9,3.8,1.21,10.6,239,85.44789842612826
2048-03-31,40.1,61.7,2.3,17.0,31.4,21.5,2.13,4.8,788,33.15317795012664
2048-04-30,24.1,70.9,5.0,9.7,17.4,2.2,0.97,13.7,366,89.08076591096889
2048-05-31,31.6,55.9,22.2,30.6,22.9,8.2,1.46,6.4,581,55.10573236328259
2048-06-30,31.8,106.5,18.7,34.3,32.8,19.2,2.79,4.1,670,23.569298023856568
2048-07-31,33.2,76.0,78.8,87.1,27.7,13.1,1.36,9.0,679,56.768466610111496
2048-08-31,31.2,75.2,56.6,62.7,23.7,15.6,1.4,5.8,480,56.80025111363592
2048-09-30,24.1,43.5,0.0,5.1,13.8,5.2,0.91,11.8,399,89.69900524836831
2048-10-31,27.1,101.5,8.8,6.7,44.8,28.1,2.34,2.8,645,21.235312401038115
2048-11-30,27.7,54.0,17.6,23.2,24.6,11.1,1.27,7.8,638,64.4124412865771
2048-12-31,29.2,60.8,28.6,47.1,32.4,25.0,1.41,4.9,611,34.978191003872595
2049-01-31,27.1,50.4,45.6,51.1,14.3,6.4,1.1,10.3,371,93.5033144936725
2049-02-28,36.3,71.7,3.7,10.5,27.1,6.6,1.29,5.6,488,60.59111891462279
2049-03-31,27.7,76.3,12.7,17.5,24.9,7.8,1.02,11.5,536,91.56886461084083
2049-04-30,39.3,67.4,12.1,19.7,22.3,7.5,1.75,5.1,514,64.52716659143718
2049-05-31,25.0,77.9,2.1,8.6,12.3,-0.3,1.09,14.1,269,85.94448934239868
2049-06-30,24.3,67.2,7.3,11.5,24.4,4.0,1.14,11.3,277,91.41146922472635
2049-07-31,38.6,80.8,52.5,73.9,38.4,27.2,2.16,4.2,707,38.08681907562075
2049-08-31,22.7,69.7,9.6,24.8,32.8,14.1,1.45,5.2,607,56.19195432264288
2049-09-30,24.0,57.3,0.0,4.7,28.2,5.7,0.89,10.9,442,90.0069155225829
2049-10-31,31.3,89.8,19.2,37.7,31.6,36.8,2.72,3.4,532,21.159234727306398
2049-11-30,33.7,98.2,51.8,64.9,35.3,8.9,2.29,6.4,685,36.591851528959154
2049-12-31,22.3,74.3,6.5,10.9,20.7,7.6,0.92,13.0,210,91.72518054701878
2050-01-31,27.0,45.8,1.7,6.0,13.0,6.9,0.92,10.9,233,90.41898191389163
2050-02-28,23.5,66.6,13.7,20.0,20.2,5.9,0.77,11.3,347,87.18856708356991
2050-03-31,37.0,59.3,20.7,31.3,25.3,8.6,1.22,7.5,430,63.635175738505446
2050-04-30,21.0,90.0,57.9,74.0,19.4,17.1,1.93,3.7,498,31.288086913856844
2050-05-31,26.9,45.5,15.2,19.5,13.8,6.2,0.91,11.5,239,93.3791948861564
2050-06-30,27.4,67.5,32.7,40.7,21.2,4.6,1.57,6.8,458,56.408755004528
2050-07-31,32.3,63.1,3.0,12.2,18.1,12.3,1.36,10.4,314,60.89347790455113
2050-08-31,33.1,80.3,2.6,8.1,29.5,16.8,1.37,5.3,584,63.793013997946765
2050-09-30,27.5,88.9,40.1,68.0,32.1,13.8,2.25,4.8,413,31.541038312256777
2050-10-31,36.7,103.1,7.3,25.2,52.7,14.7,2.52,2.6,594,21.638041767834288
2050-11-30,23.6,51.9,11.0,13.6,27.9,4.3,1.2,12.1,474,94.44312637031092
2050-12-31,23.1,67.4,11.5,26.7,18.0,10.9,1.83,6.5,332,58.153835182992594
2051-01-31,29.4,72.4,4.1,7.5,27.6,3.8,1.58,3.6,629,35.28510066223441
2051-02-28,23.4,60.7,9.9,14.5,22.3,4.9,0.9,13.2,329,91.41297187072065
2051-03-31,30.3,84.5,14.1,28.8,31.1,21.1,1.42,12.1,506,55.56781480874333
2051-04-30,21.5,54.4,24.5,28.6,17.8,5.5,0.91,10.9,289,87.00325113564307
2051-05-31,24.4,48.1,21.9,29.7,11.1,12.7,0.97,10.6,572,93.05642393561729
2051-06-30,32.6,58.9,30.8,38.8,30.9,17.5,1.85,4.9,448,39.76617923238415
2051-07-31,34.3,81.2,32.2,47.1,31.7,16.5,1.71,3.9,507,35.515925129326064
2051-08-31,35.2,82.6,24.9,43.4,36.3,8.1,1.99,5.7,419,32.44064428254029
2051-09-30,25.8,52.3,35.6,56.7,28.9,6.9,1.2,5.4,535,59.19773629524678
2051-10-31,39.3,84.6,69.1,91.7,32.7,16.5,1.85,4.3,513,37.525764546247245
2051-11-30,29.1,65.7,1.2,5.7,25.5,5.5,0.95,11.3,576,92.99328172212199
2051-12-31,25.4,72.7,11.9,15.3,20.6,8.3,1.46,6.8,503,62.97488324507012
2052-01-31,18.9,84.5,7.7,23.8,37.2,16.1,1.76,5.1,691,38.27119427685126
2052-02-29,34.1,53.4,31.9,44.3,28.7,16.6,1.54,7.5,622,62.999388616919035
2052-03-31,28.5,58.2,1.5,9.5,17.1,4.8,0.83,10.7,376,93.60904310061669
2052-04-30,31.7,58.9,36.2,39.9,20.5,5.7,0.94,14.0,565,89.1781418553372
2052-05-31,40.1,62.1,47.7,67.7,31.6,-4.1,2.54,4.9,570,32.484897211554994
2052-06-30,35.4,120.5,47.7,61.2,49.3,24.2,2.36,5.2,662,23.886834373862204
2052-07-31,31.5,51.8,30.4,41.3,28.9,10.9,1.34,5.6,565,59.05188654350927
2052-08-31,26.2,51.7,3.5,9.0,27.6,5.7,0.98,10.1,542,91.32259424454222
2052-09-30,44.3,59.3,6.0,17.3,28.9,10.5,1.79,5.1,643,36.404113416535424
2052-10-31,44.5,79.6,41.4,53.1,38.4,21.8,2.44,4.7,837,17.424678160615564
2052-11-30,25.9,79.1,16.3,22.0,18.4,2.7,0.9,10.3,387,92.7001827676593
2052-12-31,24.9,83.1,24.5,34.6,18.7,9.8,1.58,7.5,529,61.54916865656505
2053-01-31,22.8,73.0,0.6,5.4,24.1,4.2,0.87,10.6,381,93.9015007100917
2053-02-28,32.1,80.3,13.7,28.6,37.0,14.9,1.76,4.7,807,35.55214456952857
2053-03-31,26.2,63.2,12.7,26.2,27.1,14.3,1.92,5.8,509,62.904392093373424
2053-04-30,35.7,94.8,13.5,38.4,33.2,11.0,1.65,3.9,749,38.4276518091156
2053-05-31,28.2,39.4,6.3,11.6,26.2,7.1,0.92,15.2,289,88.5922679593955
2053-06-30,24.6,46.5,2.7,9.2,18.4,3.8,1.09,10.2,296,93.28895999982942
2053-07-31,31.8,90.8,11.0,19.1,35.1,8.3,2.1,4.2,513,39.122569022632156
2053-08-31,27.4,82.9,13.2,31.2,25.9,9.7,1.23,6.0,539,56.86568070336148
2053-09-30,27.7,51.1,16.1,20.2,26.0,6.0,0.99,10.6,562,92.31236423525425
2053-10-31,33.6,84.2,186.7,209.8,36.8,13.4,2.57,5.8,879,19.563817794927232
2053-11-30,32.7,63.2,34.4,39.6,28.8,11.0,1.54,7.2,296,64.04821327355987
2053-12-31,39.3,92.3,16.0,36.1,51.6,23.9,2.3,7.3,476,23.95388066694999
2054-01-31,33.7,82.4,2.1,9.9,26.7,15.0,1.51,8.8,407,56.8927872265846
2054-02-28,46.1,105.2,56.5,70.0,22.8,25.6,2.41,6.8,524,23.007137645878544
2054-03-31,21.5,65.3,13.8,19.2,12.5,5.7,1.05,11.2,230,87.16536573482834
2054-04-30,24.3,62.7,6.6,15.4,22.5,10.9,0.92,10.4,437,94.1529850385274
2054-05-31,24.5,63.2,2.0,8.7,22.9,5.0,1.07,12.3,561,91.91097322312288
2054-06-30,31.0,66.8,8.7,16.8,25.0,22.1,1.4,5.9,798,32.96505505855377
2054-07-31,17.0,78.5,19.2,23.3,14.8,0.6,1.07,13.0,501,90.82983483047884
2054-08-31,35.7,80.2,35.0,45.9,32.0,9.3,1.59,5.5,531,62.11307326857833
2054-09-30,20.1,66.0,1.0,3.5,17.0,2.6,1.02,10.6,573,91.9909265997282
2054-10-31,26.6,75.1,18.7,32.7,31.1,19.6,1.73,6.8,415,59.93518670657157
2054-11-30,32.7,88.6,21.4,45.0,28.7,11.7,1.96,6.0,482,33.27659664907018
2054-12-31,39.0,89.4,55.3,80.7,45.1,6.7,1.83,9.2,792,37.51849786905441
2055-01-31,20.3,64.8,37.3,42.7,21.4,3.2,1.03,10.0,335,92.40893834513803
2055-02-28,33.7,57.2,20.3,33.5,27.5,15.6,1.74,5.3,531,61.85504296802958
2055-03-31,24.7,79.4,36.3,47.9,21.0,9.9,1.67,10.3,549,63.34816129345596
2055-04-30,32.6,87.0,13.2,31.4,27.2,14.7,1.61,6.1,331,62.1016015890875
2055-05-31,24.9,76.0,32.1,41.6,16.2,17.7,1.49,6.0,612,63.200884772394815
2055-06-30,34.5,105.1,7.5,31.7,54.9,18.4,2.99,5.2,561,18.935529687190478
2055-07-31,27.2,53.8,37.7,44.2,18.2,4.6,0.89,13.7,197,92.41517916370928
2055-08-31,27.6,44.8,9.8,10.1,19.2,4.9,1.01,10.8,407,91.63466824315117
2055-09-30,36.3,60.8,19.8,29.7,22.1,14.6,1.27,16.3,495,56.20813540900467
2055-10-31,38.5,96.6,1.0,29.0,56.8,25.8,3.02,5.7,571,20.27108215644757
2055-11-30,33.9,78.3,16.5,31.2,30.4,19.8,1.73,4.0,411,34.37433974477323
2055-12-31,26.3,70.5,5.7,18.9,31.5,11.7,1.24,5.4,645,58.00366689944254
2056-01-31,33.2,92.5,20.0,35.6,37.4,6.9,1.62,4.1,655,38.1604975753086
2056-02-29,26.0,85.9,0.6,12.5,25.0,6.1,2.0,6.5,544,57.71693295382947
2056-03-31,35.1,81.6,1.7,11.2,35.3,15.5,1.72,16.6,438,30.147108358114508
2056-04-30,25.1,61.9,10.8,17.0,13.3,1.1,0.87,10.7,401,93.8516298594906
2056-05-31,34.3,77.6,6.9,14.1,29.1,17.0,1.87,5.4,694,34.21706734844597
2056-06-30,33.3,92.2,5.0,25.3,29.8,19.7,1.41,3.9,494,39.48883501851573
2056-07-31,26.8,65.2,9.7,15.8,13.4,7.7,0.81,12.8,282,92.21930863870676
2056-08-31,28.4,86.1,10.8,26.9,26.7,10.8,1.26,5.5,674,60.57132275915217
2056-09-30,38.0,70.0,108.8,132.1,23.3,21.9,2.28,8.1,616,37.5175445378325
2056-10-31,38.2,69.1,37.4,49.4,21.7,10.0,1.82,5.1,540,58.22393986501432
2056-11-30,31.3,80.6,19.6,32.6,31.8,3.6,2.53,3.3,662,35.31319470321013
2056-12-31,25.2,62.9,4.1,12.3,27.6,8.4,1.03,10.9,276,88.43305472013829
2057-01-31,40.4,101.8,40.1,55.1,29.8,2.7,2.18,4.1,446,35.55833903861151
2057-02-28,23.9,54.6,0.8,5.8,18.0,-0.6,0.92,13.2,363,87.39721716544713
2057-03-31,28.4,73.5,11.6,33.0,37.6,20.2,1.56,7.7,642,32.385697600738894
2057-04-30,27.4,52.2,14.5,18.2,12.9,2.5,1.13,11.1,560,90.84793782087789
2057-05-31,31.8,49.6,35.1,41.7,13.8,0.6,1.17,10.1,428,94.19550430767163
2057-06-30,27.6,69.8,16.8,30.0,27.7,8.9,1.74,12.2,564,63.703764658809895
2057-07-31,23.1,77.7,5.6,11.8,21.2,4.5,0.9,10.5,385,90.4437654231378
2057-08-31,40.9,76.9,153.9,176.5,37.4,18.5,3.4,5.3,821,16.122740790259744
2057-09-30,35.0,72.8,74.5,92.2,38.8,19.9,2.27,3.0,623,24.22578049287501
2057-10-31,29.5,60.6,1.0,18.5,26.1,7.5,1.55,8.9,438,58.406760099447226
2057-11-30,25.1,51.5,5.2,14.8,27.3,8.4,1.7,8.8,551,63.30029288024889
2057-12-31,34.9,78.5,2.8,19.1,29.1,17.8,1.47,6.0,534,61.310220968405105
2058-01-31,25.7,68.7,12.4,16.9,10.0,6.0,1.24,10.3,470,91.93238830834089
2058-02-28,29.9,45.5,6.8,14.3,19.4,9.4,0.98,11.5,536,92.11636838471327
2058-03-31,28.5,63.1,7.0,11.9,31.0,11.7,1.28,7.6,663,57.97543311859001
2058-04-30,30.3,52.8,2.9,12.3,20.8,6.1,1.12,5.2,642,56.1813795382249
2058-05-31,24.8,78.7,17.4,21.7,24.2,3.4,0.74,12.6,580,93.11676245694132
2058-06-30,25.9,63.5,15.9,23.5,29.6,11.2,1.44,6.0,394,62.985021976638954
2058-07-31,28.1,67.7,26.4,34.1,22.8,4.9,0.86,13.6,238,86.11965958854965
2058-08-31,24.5,70.4,2.2,9.0,10.9,5.1,0.94,14.6,228,89.27654132960525
2058-09-30,24.3,77.6,16.9,29.0,34.7,8.9,1.22,9.0,316,60.15819151910354
2058-10-31,38.9,61.8,28.1,52.2,48.8,22.7,2.19,5.6,538,35.19565888076369
2058-11-30,29.7,81.9,2.8,12.1,34.9,14.3,1.69,5.4,464,63.72655842444574
2058-12-31,34.1,76.7,3.5,10.5,21.9,3.9,1.23,10.4,299,93.42394018356089
2059-01-31,36.6,97.4,13.3,31.4,28.7,28.5,2.04,3.4,678,39.272891481054295
2059-02-28,21.9,67.3,12.2,16.1,24.1,4.8,0.92,10.3,244,93.69445902819484
2059-03-31,28.6,84.4,17.7,33.8,34.3,21.7,2.42,4.0,712,38.75306637636598
2059-04-30,32.8,74.0,10.1,15.5,26.7,5.7,0.85,11.2,199,91.41371271538614
2059-05-31,38.2,59.2,3.9,19.5,23.6,10.1,1.39,13.5,648,63.44504840681111
2059-06-30,31.7,70.0,8.4,19.9,24.7,9.8,1.35,6.7,438,57.61301323387736
2059-07-31,37.3,77.6,20.0,22.4,30.0,14.8,1.92,4.5,516,37.65035569542962
2059-08-31,24.0,64.7,6.5,10.9,18.4,1.9,1.0,10.6,455,87.32595310845969
2059-09-30,28.7,59.3,6.3,16.3,22.3,5.7,1.03,10.8,213,93.86277477677305
2059-10-31,27.8,76.1,1.9,10.1,39.1,4.5,1.97,5.6,479,63.4337945016748
2059-11-30,39.8,82.0,14.1,22.2,32.7,12.8,1.26,5.3,457,59.0173209873442
2059-12-31,30.8,88.9,27.8,32.7,31.2,13.5,1.68,5.6,494,64.0838282803961
2060-01-31,36.5,90.3,5.1,31.6,27.9,10.5,2.12,5.1,630,37.8194524453186
2060-02-29,32.6,64.2,48.1,51.6,30.2,15.1,1.54,5.7,355,63.07005439602793
2060-03-31,29.6,88.9,16.3,23.7,18.7,9.6,1.37,6.9,498,58.18009485385747
2060-04-30,35.2,80.2,13.2,19.1,36.4,21.5,1.69,4.7,546,37.33069294282716
2060-05-31,23.2,72.9,29.3,39.3,20.6,7.2,1.36,5.4,299,59.13920125881119
2060-06-30,37.2,98.9,37.7,57.5,54.3,30.6,2.45,5.1,572,18.963265409221965
2060-07-31,18.5,54.2,11.8,19.9,12.9,5.5,1.14,10.1,314,85.36886528781113
2060-08-31,32.6,69.9,5.7,14.7,11.3,6.9,0.99,10.6,536,94.87806028052862
2060-09-30,32.8,71.6,23.3,30.3,23.4,16.8,1.75,7.4,632,62.57966844930517
2060-10-31,24.4,53.9,8.0,13.3,17.0,5.3,0.84,10.8,335,94.54348123849286
2060-11-30,21.9,74.0,14.4,19.4,17.5,4.3,1.07,10.1,483,86.65466744931591
2060-12-31,30.4,60.3,11.3,11.9,24.9,3.7,1.44,6.7,635,59.36288715665534
2061-01-31,45.9,84.1,40.0,58.3,42.0,25.9,1.94,2.6,951,19.1274301296732
2061-02-28,31.0,42.0,8.4,12.3,15.1,7.3,0.88,11.8,594,87.71315294161093
2061-03-31,27.4,79.5,27.5,31.7,31.0,11.2,1.35,5.3,367,56.598632773332966
2061-04-30,34.1,80.0,14.6,22.3,26.1,16.2,1.7,5.7,321,55.56256431722206
2061-05-31,31.8,81.3,3.4,12.6,20.9,13.5,1.19,5.6,494,56.1342727175946
2061-06-30,28.7,66.8,7.3,15.0,17.2,15.1,1.28,5.6,593,59.1064679632904
2061-07-31,29.9,46.2,5.9,12.2,13.3,4.7,0.99,10.0,377,88.79663545543137
2061-08-31,30.8,66.2,25.8,28.9,18.1,6.8,1.0,5.2,603,62.90564203697462
2061-09-30,26.4,66.0,3.5,14.4,23.7,7.0,1.74,5.0,511,59.59845287053395
2061-10-31,25.2,85.8,47.2,55.6,25.4,11.5,1.35,7.8,337,61.8184380345223
2061-11-30,19.7,68.0,4.7,8.4,24.8,5.5,0.77,10.6,297,87.51048112473632
2061-12-31,25.4,77.4,4.4,16.3,23.9,11.2,1.5,5.6,652,60.74731983913693
2062-01-31,28.8,82.8,25.1,43.8,25.7,25.7,1.85,4.2,623,30.905648421790634
2062-02-28,19.7,42.8,13.1,20.8,21.3,3.5,0.96,11.3,452,85.20805883516778
2062-03-31,30.2,86.5,6.2,20.8,35.9,18.1,2.03,4.8,420,37.25978064970928
2062-04-30,23.6,42.9,24.6,27.4,21.3,6.7,0.88,10.9,562,93.3881212252415
2062-05-31,31.0,73.1,23.4,32.4,31.7,12.9,1.57,6.1,464,62.65780258554596
2062-06-30,24.1,61.0,10.3,15.5,20.0,4.1,0.94,14.3,203,88.91852014937425
2062-07-31,32.5,75.0,55.6,61.0,29.6,9.7,1.7,5.8,455,32.03821566855887
2062-08-31,36.2,71.8,65.2,79.4,16.6,25.8,3.29,4.6,493,15.004824099577997
2062-09-30,27.9,65.4,88.9,96.5,35.9,11.4,1.99,8.2,718,39.93410500124803
2062-10-31,21.9,69.6,7.1,9.6,24.7,2.6,1.11,12.7,423,85.988294113766
2062-11-30,29.3,79.8,3.9,13.9,21.9,6.4,1.72,7.0,337,59.75732652176678
2062-12-31,28.3,64.4,5.8,11.8,20.5,4.0,0.98,11.6,485,87.82897318410791
2063-01-31,23.4,67.7,55.9,57.8,20.9,6.9,0.93,11.2,364,92.37998172407866
2063-02-28,26.1,73.1,65.9,69.0,30.2,11.2,1.6,5.7,529,59.94100937007336
2063-03-31,39.1,85.2,7.1,27.9,35.5,8.9,2.21,3.8,622,38.5437085929753
2063-04-30,36.9,106.5,23.1,34.7,37.4,24.3,2.3,2.7,726,20.870159659938512
2063-05-31,33.4,69.8,5.8,14.5,38.2,8.4,1.66,12.0,444,35.896961062659784
2063-06-30,24.3,74.5,2.4,8.1,26.0,7.9,1.09,12.8,329,92.13733379448583
2063-07-31,30.7,80.5,19.9,34.2,19.9,8.4,1.43,6.8,527,59.50717757737632
2063-08-31,24.0,56.3,89.6,98.3,24.6,10.8,1.14,5.4,538,60.73438728658903
2063-09-30,26.8,50.5,3.5,7.3,12.3,4.8,1.15,12.3,262,92.59145247099066
2063-10-31,30.9,78.3,10.5,24.0,35.2,15.4,1.35,11.6,326,58.10202475308149
2063-11-30,25.8,70.1,7.1,10.7,26.5,4.1,0.94,11.2,344,88.20729564111724
2063-12-31,29.3,67.6,11.4,16.8,26.7,9.1,0.83,10.9,488,90.07264383850212
2064-01-31,33.2,67.6,28.0,36.5,30.3,19.0,1.99,3.8,571,38.52438760569538
2064-02-29,37.7,78.2,22.0,25.8,17.9,9.3,1.97,6.0,697,63.580664680140394
2064-03-31,27.2,75.0,2.6,15.4,23.5,10.7,1.31,6.2,500,64.23071542138133
2064-04-30,33.4,88.2,74.2,91.6,40.3,15.0,1.83,5.5,656,36.32633045664829
2064-05-31,23.0,79.9,0.3,9.8,23.0,10.2,1.73,8.9,264,61.031351405399434
2064-06-30,23.6,49.7,10.3,14.0,17.9,5.5,0.87,10.9,595,85.04644812570648
2064-07-31,43.1,102.0,1.5,12.4,31.9,18.9,2.2,3.9,492,37.42703038677797
2064-08-31,29.6,74.8,15.3,28.4,20.2,10.4,1.45,5.6,373,55.534240798096356
2064-09-30,23.4,86.5,6.0,21.3,21.1,20.9,2.44,6.3,505,37.85383926725285
2064-10-31,31.4,76.2,4.6,20.9,26.2,11.3,1.49,6.8,296,55.40111192565254
2064-11-30,31.7,78.9,18.4,33.4,37.2,12.4,1.3,6.3,500,59.01434838303709
2064-12-31,44.3,88.4,2.6,13.3,35.0,16.2,2.31,4.8,757,34.57620451507215
2065-01-31,24.3,76.5,27.1,34.1,23.4,3.1,0.98,11.0,387,88.0825102353758
2065-02-28,21.9,71.4,15.0,19.3,18.2,1.6,1.0,18.8,505,89.83892775734245
2065-03-31,36.3,54.9,66.3,75.5,25.3,13.4,1.29,6.1,413,56.28112949885541
2065-04-30,37.3,86.8,41.6,62.9,33.0,20.0,2.09,5.1,734,22.181869780072915
2065-05-31,21.2,55.9,7.8,10.7,19.7,7.6,1.14,12.1,436,88.52347525406087
2065-06-30,24.4,67.7,0.3,4.3,17.0,6.9,0.93,13.3,370,90.92673733299509
2065-07-31,27.1,88.3,20.9,25.4,35.1,4.5,1.75,6.1,506,64.87055683903858
2065-08-31,35.0,101.3,108.6,124.5,38.5,11.8,2.22,4.4,511,30.95422837504651
2065-09-30,23.2,51.7,49.0,56.7,17.7,21.3,1.59,7.4,621,56.54267980185889
2065-10-31,39.6,72.4,17.7,29.3,38.1,21.8,2.31,3.3,790,19.011408168815244
2065-11-30,26.2,36.9,4.4,10.8,26.0,3.2,1.0,21.8,221,89.77751577696797
2065-12-31,27.4,73.3,4.1,8.8,17.5,2.8,1.14,12.3,337,85.0393314566797
2066-01-31,26.4,53.4,23.2,33.9,17.2,9.9,1.29,7.5,392,58.662577515748836
2066-02-28,29.1,52.3,15.2,32.4,25.4,8.8,1.47,6.4,663,59.95201011799057
2066-03-31,31.5,48.2,6.7,11.7,15.6,3.7,1.29,11.6,269,92.08023231961212
2066-04-30,30.6,71.3,12.1,16.0,14.8,5.5,1.01,10.6,500,87.11088835129945
2066-05-31,29.0,70.1,28.8,40.1,23.1,0.8,1.54,7.0,531,63.42627959639209
2066-06-30,39.2,47.2,7.8,13.0,31.6,12.5,1.85,8.8,371,64.91672206368364
2066-07-31,32.5,80.7,27.8,41.2,41.6,12.9,1.74,4.2,623,36.04319921228257
2066-08-31,36.2,62.4,34.7,53.1,22.8,7.8,1.27,6.7,407,62.29789121317303
2066-09-30,24.5,47.0,7.0,10.9,25.6,7.9,0.86,11.1,458,90.6036778108284
2066-10-31,48.4,89.1,14.7,32.7,52.0,0.0,2.59,2.6,664,20.515021632448146
2066-11-30,31.2,50.6,73.4,84.9,29.4,7.4,1.34,6.4,578,62.829496491841766
2066-12-31,28.9,69.2,9.7,20.5,29.3,6.5,1.29,5.0,552,55.13016540804991
2067-01-31,27.0,86.7,4.7,20.1,28.6,8.9,1.74,9.6,653,60.80235390167544
2067-02-28,23.1,72.0,0.4,7.5,13.9,8.1,0.95,10.2,310,90.36559321847395
2067-03-31,38.8,78.7,3.1,21.2,43.4,16.0,2.02,3.6,772,22.27295270966016
2067-04-30,25.3,64.5,30.9,47.8,27.8,11.3,1.63,5.3,389,61.077512898842826
2067-05-31,41.2,80.2,10.8,34.5,25.7,11.4,2.08,3.7,714,35.63241416987856
2067-06-30,26.6,67.8,11.2,12.1,28.3,4.1,1.01,11.9,551,90.3822453961845
2067-07-31,33.6,67.3,25.8,34.1,29.3,16.5,1.55,3.8,425,31.547729571432825
2067-08-31,43.7,89.5,5.3,18.6,36.3,7.7,1.83,4.0,656,31.536211958798546
2067-09-30,29.0,73.7,13.5,19.5,17.1,10.8,1.55,10.2,499,58.252319948667086
2067-10-31,29.9,74.6,5.4,10.0,18.3,3.4,0.98,12.7,263,89.75397693506139
2067-11-30,41.7,91.4,45.2,63.7,34.2,26.8,2.53,3.2,887,16.847749567843888
2067-12-31,24.5,51.9,14.5,21.4,13.4,3.7,1.08,11.3,379,92.22109340490216
2068-01-31,27.9,89.6,11.5,8.6,21.7,15.8,1.27,5.2,618,62.51642181489488
2068-02-29,18.5,51.6,3.8,6.4,26.3,8.3,1.17,10.6,215,91.9551245701663
2068-03-31,26.5,60.2,10.0,17.4,25.4,5.2,1.51,6.6,432,62.38360348064406
2068-04-30,29.3,63.2,12.7,25.8,23.3,16.6,2.15,4.2,839,35.204155478317
2068-05-31,25.2,44.3,5.5,12.4,22.0,3.4,1.06,10.1,470,87.1546480014407
2068-06-30,38.2,48.5,77.8,86.9,37.9,15.7,1.93,4.7,438,31.99583148976666
2068-07-31,25.0,87.2,4.0,6.4,32.9,9.4,1.57,5.9,662,55.66331056893493
2068-08-31,31.0,75.0,8.9,17.1,30.1,5.3,1.72,3.7,531,32.9594529397135
2068-09-30,26.2,65.8,12.5,16.9,14.7,3.5,0.92,12.0,432,88.00506479010986
2068-10-31,26.5,54.1,12.3,15.3,20.3,5.3,0.99,12.7,374,92.27301704653995
2068-11-30,28.2,52.0,15.9,19.6,21.0,5.3,1.16,19.4,496,91.12040759485265
2068-12-31,31.1,64.9,3.7,11.2,21.3,7.9,1.02,11.5,233,90.18301279955486
2069-01-31,29.9,60.8,88.5,93.5,16.5,4.9,1.7,7.1,454,58.104199620876564
2069-02-28,22.0,52.2,12.3,19.1,27.3,4.9,0.86,12.0,316,85.4321851679432
2069-03-31,20.3,56.2,21.8,28.8,18.9,2.7,0.96,10.2,335,87.03982357712177
2069-04-30,27.5,69.6,23.3,31.1,37.9,9.4,1.57,7.5,505,55.452688852978106
2069-05-31,26.2,60.0,41.2,58.0,26.4,22.2,1.54,11.0,609,59.66785910398236
2069-06-30,32.1,89.0,1.0,18.5,32.4,9.8,1.95,6.8,545,32.81921877836713
2069-07-31,29.4,72.5,12.0,15.1,26.6,9.9,1.47,8.5,487,61.2139971440507
2069-08-31,31.8,85.7,12.3,13.9,20.6,15.5,1.21,5.1,372,59.551098107639454
2069-09-30,24.1,60.2,2.5,10.1,23.2,5.0,0.79,11.2,488,93.87722036901924
2069-10-31,33.9,83.1,18.1,42.9,36.4,24.7,1.95,3.5,749,35.215239477442104
2069-11-30,25.0,68.6,9.8,13.2,23.1,4.2,0.98,11.1,578,90.18851792641775
2069-12-31,26.5,54.9,0.9,3.5,12.6,6.1,1.01,14.5,368,94.51350520852571
2070-01-31,29.3,75.2,14.7,27.1,27.9,11.5,1.56,5.3,428,64.70701514546359
2070-02-28,18.9,57.2,6.0,9.6,19.3,1.1,0.93,12.4,409,86.98156655746781
2070-03-31,32.4,62.2,39.6,52.6,28.7,15.8,1.33,6.1,463,60.072788117477614
2070-04-30,34.6,69.0,49.0,62.9,26.9,12.1,2.2,6.0,721,31.249802757678857
2070-05-31,32.1,80.5,0.6,13.3,25.9,20.0,1.59,9.0,403,61.24107541812067
2070-06-30,23.2,73.9,1.6,5.5,13.8,4.2,0.98,14.0,494,87.2192262894461
2070-07-31,32.4,93.5,31.6,45.9,32.9,13.6,2.15,6.6,482,33.512951552814606
2070-08-31,27.2,70.5,37.6,41.9,18.9,13.9,1.68,8.2,579,63.95156096634029
2070-09-30,32.8,51.1,8.0,13.4,13.3,4.6,0.93,11.9,410,87.2156829354575
2070-10-31,25.8,76.0,9.3,13.3,18.8,4.0,0.89,13.3,321,89.72200774930927
2070-11-30,37.7,78.2,9.2,18.9,35.2,9.7,1.49,5.3,318,59.286556398762926
2070-12-31,25.7,78.3,1.2,8.0,18.5,5.3,1.09,16.4,526,85.55094302496258
2071-01-31,29.6,65.3,13.3,19.6,16.0,5.1,1.01,15.5,198,89.34791343615139
2071-02-28,32.2,79.4,4.0,11.0,32.9,10.9,1.25,9.5,651,57.14132462871041
2071-03-31,22.4,46.5,7.1,12.7,27.8,3.4,0.92,10.9,473,88.35905562923341
2071-04-30,24.4,70.5,28.9,39.2,18.7,5.9,0.95,12.9,342,86.3894641734443
2071-05-31,33.3,94.3,37.2,41.0,35.3,11.8,2.33,8.5,770,34.79896878987036
2071-06-30,27.8,70.7,16.4,21.2,21.0,8.7,1.27,9.7,377,61.594093929834514
2071-07-31,35.5,73.2,45.6,49.2,31.7,11.6,1.44,5.6,444,55.79523654192035
2071-08-31,31.7,67.7,7.0,11.0,26.8,7.0,1.18,10.4,530,93.06604966282117
2071-09-30,31.7,61.4,7.9,20.8,27.7,12.6,1.68,7.5,574,63.92602532872752
2071-10-31,26.8,39.3,10.0,12.5,20.9,5.7,1.0,10.6,494,86.78767624921547
2071-11-30,31.1,67.6,2.2,5.5,11.3,0.8,1.12,10.8,344,89.11146105244133
2071-12-31,27.9,59.3,45.9,56.0,27.0,6.7,1.4,6.7,633,63.97563263527567
2072-01-31,32.6,77.3,12.9,33.1,38.9,8.3,1.86,4.3,529,35.55871127761152
2072-02-29,28.3,74.9,2.1,10.2,26.3,8.3,1.59,5.1,342,64.15742735706526
2072-03-31,28.5,57.3,18.4,34.9,32.7,13.9,2.54,5.0,486,35.23389099980394
2072-04-30,26.9,79.7,17.3,27.3,27.2,0.0,1.45,7.5,575,60.738539173353246
2072-05-31,32.0,58.7,5.2,8.9,19.0,3.0,1.01,11.1,437,86.44212714489473
2072-06-30,26.6,44.0,3.5,7.1,23.9,7.2,0.97,11.0,417,85.1277989055835
2072-07-31,23.3,55.0,2.0,12.5,19.2,5.7,1.12,10.6,339,92.56131276061524
2072-08-31,24.3,92.5,25.8,32.4,30.8,13.7,1.69,6.0,268,59.36593177496604
2072-09-30,23.6,46.8,3.1,8.1,12.2,3.2,1.06,10.2,543,92.04006459048124
2072-10-31,26.3,74.2,0.1,10.9,32.6,10.4,1.38,7.7,511,55.8838617893772
2072-11-30,21.4,42.0,3.6,6.6,19.7,1.3,1.07,20.0,473,94.17089507785604
2072-12-31,29.6,86.1,6.7,30.2,36.4,25.8,2.49,4.0,632,36.52087386346281
2073-01-31,32.2,65.9,1.3,20.9,46.3,21.0,1.82,4.8,634,30.72013435825022
2073-02-28,44.7,100.3,79.8,104.0,51.0,17.9,2.62,4.9,574,24.21094652046296
2073-03-31,25.8,87.9,7.3,19.7,30.0,16.8,1.38,5.5,326,60.87055394943936
2073-04-30,43.2,110.8,36.4,55.4,42.4,16.8,2.38,4.6,531,19.48812471218884
2073-05-31,26.6,68.5,10.4,16.2,25.7,2.2,0.85,10.9,231,85.86270009173782
2073-06-30,19.4,54.5,15.7,33.5,19.9,11.7,1.79,5.3,362,58.130153343071534
2073-07-31,31.9,68.5,7.2,19.3,20.7,1.9,1.46,12.4,537,63.26203321734097
2073-08-31,42.3,70.3,22.5,33.9,32.1,22.0,2.82,9.5,672,20.03584530844381
2073-09-30,22.0,71.9,6.8,9.7,24.7,7.3,1.06,10.5,542,90.49969852696489
2073-10-31,25.7,57.0,16.2,21.2,19.2,0.1,1.0,10.8,323,91.36596784208417
2073-11-30,35.9,69.4,25.0,38.3,25.9,12.0,1.72,5.6,549,36.46365774147739
2073-12-31,30.2,91.2,6.4,13.6,25.8,10.8,1.54,7.3,685,60.89595262931735
2074-01-31,37.2,91.7,111.0,117.2,28.8,6.9,1.43,9.5,645,62.236954881894235
2074-02-28,32.3,69.5,0.4,10.8,32.6,8.2,1.35,5.8,643,64.5726425175343
2074-03-31,42.1,59.8,6.5,22.9,24.8,9.0,1.54,5.9,383,57.3039361286979
2074-04-30,27.3,57.7,4.9,10.6,17.9,1.4,0.92,12.8,397,92.3134028522584
2074-05-31,25.4,45.4,1.9,9.7,26.4,7.4,1.02,13.8,558,91.59637670972809
2074-06-30,28.1,89.9,31.9,39.6,21.3,15.8,1.72,5.6,697,55.06729607399732
2074-07-31,36.1,82.0,6.8,15.7,31.5,12.7,2.43,3.7,767,33.53358541238792
2074-08-31,29.4,68.8,22.8,25.4,14.3,5.7,1.07,12.2,358,85.70597538822612
2074-09-30,45.8,62.3,36.2,54.1,32.3,19.0,2.8,4.3,616,37.79187891342815
2074-10-31,28.2,63.5,0.7,13.0,27.3,9.4,1.65,7.6,531,55.03818550236564
2074-11-30,26.7,67.6,3.9,7.9,23.5,6.2,0.99,10.4,366,93.19174291027649
2074-12-31,24.4,79.0,7.5,10.3,28.1,4.6,1.49,5.7,473,64.51916516261136
2075-01-31,31.4,97.3,70.4,97.4,39.2,20.8,1.83,5.3,480,32.905116651827676
2075-02-28,33.7,49.4,28.2,36.7,41.2,16.3,1.85,3.5,568,38.694939125878015
2075-03-31,29.7,61.4,18.3,31.4,30.6,17.0,1.42,5.2,396,64.37894241548611
2075-04-30,28.7,80.8,16.6,27.3,34.8,15.0,1.75,5.3,446,60.75350957922165
2075-05-31,26.1,58.4,9.8,16.3,25.6,7.1,0.89,14.8,458,93.08164412141505
2075-06-30,39.7,95.9,70.7,74.9,30.8,18.3,2.3,3.7,422,36.140866354275104
2075-07-31,28.0,88.7,13.5,25.9,23.7,18.5,0.94,8.6,546,56.270861777850705
2075-08-31,31.8,62.9,116.1,127.6,30.0,10.2,2.26,3.8,790,39.8404637273218
2075-09-30,28.3,39.7,52.1,56.7,28.9,0.6,0.99,15.1,384,89.63234681308708
2075-10-31,27.9,87.6,22.8,38.3,27.4,4.9,1.42,6.3,443,56.59911755689883
2075-11-30,37.8,64.8,0.2,23.6,17.8,6.6,1.71,5.2,643,37.832284393297996
2075-12-31,32.2,83.0,40.7,55.0,18.8,3.3,1.76,3.9,669,38.012440238591395
2076-01-31,22.2,78.5,5.7,7.5,19.7,5.0,1.15,13.1,514,89.83150521581912
2076-02-29,32.5,85.1,24.8,46.3,29.1,13.2,1.89,5.9,599,15.89293977067256
2076-03-31,19.8,53.7,17.0,19.9,15.9,7.0,1.04,10.8,564,87.537417162725
2076-04-30,28.5,47.7,0.0,5.3,26.2,2.6,1.13,12.2,474,93.80576370639896
2076-05-31,32.7,56.0,57.9,68.6,22.9,15.7,1.32,6.7,542,64.74509885765508
2076-06-30,28.5,59.7,7.7,15.5,25.6,21.4,1.46,5.3,423,61.104115058506274
2076-07-31,34.2,51.9,4.1,11.6,14.5,5.4,1.17,10.2,421,93.06776279098322
2076-08-31,33.2,80.6,18.5,32.1,23.0,21.3,1.84,5.4,793,38.747300579672824
2076-09-30,37.2,111.3,0.2,8.8,31.9,18.5,2.12,7.7,753,38.67202076345944
2076-10-31,27.5,81.3,36.0,45.5,21.3,12.7,1.66,7.7,395,64.40469592190428
2076-11-30,29.7,46.7,0.4,12.9,33.2,4.5,1.63,5.2,541,58.20807499213392
2076-12-31,26.6,72.4,30.3,31.5,22.5,4.4,1.05,11.8,320,93.86576306596551
2077-01-31,32.3,91.2,1.7,15.7,33.5,7.2,2.33,7.2,535,30.61286056669626
2077-02-28,26.7,66.0,0.5,5.4,20.9,-0.6,0.87,10.1,422,85.74817146864365
2077-03-31,45.4,104.7,134.5,155.1,46.3,23.4,3.36,8.5,736,17.52646560918862
2077-04-30,31.9,70.1,5.5,17.5,44.2,17.2,1.65,4.1,506,36.6839593441026
2077-05-31,27.4,63.2,24.9,35.3,30.7,8.8,1.5,5.6,631,60.87229075453861
2077-06-30,34.2,72.1,5.8,15.9,25.5,16.0,2.72,5.3,560,37.392553909093536
2077-07-31,30.4,48.7,0.1,6.6,24.2,9.1,1.63,6.1,536,64.74658433354466
2077-08-31,28.7,63.2,10.7,16.8,22.0,6.4,0.76,15.0,319,86.0840940245371
2077-09-30,24.8,60.1,0.1,1.7,17.5,5.9,0.99,13.3,457,89.95319295432202
2077-10-31,30.8,85.8,27.0,29.1,18.5,11.0,1.54,8.7,466,62.632787544650625
2077-11-30,28.4,48.3,13.5,15.7,18.2,4.1,1.2,10.2,503,88.59000255933572
2077-12-31,28.2,55.4,3.4,13.1,18.2,3.8,1.2,6.6,296,63.85034816450967
2078-01-31,23.6,55.5,1.2,2.2,24.5,9.7,1.03,10.5,349,93.56835192916459
2078-02-28,27.5,76.2,16.6,24.3,32.4,17.8,1.97,5.2,577,39.807599178454694
2078-03-31,24.7,46.2,22.9,25.0,14.4,5.0,0.78,10.1,356,85.62507003724875
2078-04-30,22.1,64.6,13.1,17.7,15.6,4.9,0.99,10.5,468,91.0109111513055
2078-05-31,32.9,97.0,10.0,32.7,39.7,12.4,2.24,4.3,640,19.700279846883454
2078-06-30,38.5,81.3,43.9,52.4,39.8,8.6,1.55,3.5,670,37.69997801031955
2078-07-31,46.4,63.7,17.3,28.0,46.5,14.6,2.26,4.2,658,35.73749771186323
2078-08-31,30.2,62.1,40.2,47.5,20.3,14.7,1.76,5.1,574,61.72047664106411
2078-09-30,41.7,64.8,2.3,11.2,22.4,7.6,1.22,6.6,452,58.9765710991242
2078-10-31,40.9,80.9,13.5,26.8,37.5,16.2,2.38,3.8,630,31.013641826567895
2078-11-30,50.4,85.1,8.9,33.5,36.5,19.2,2.4,4.4,778,22.25658192708196
2078-12-31,23.8,54.2,2.6,5.1,18.7,6.8,1.12,12.2,351,85.29487177313445
2079-01-31,27.2,90.5,13.9,22.7,26.6,12.8,1.29,7.6,616,61.57506872641541
2079-02-28,50.1,108.2,43.1,63.3,53.7,15.2,1.94,7.6,722,20.02364794324569
2079-03-31,23.2,60.0,4.7,7.3,26.3,7.5,0.98,11.5,535,86.3301596923476
2079-04-30,20.2,61.3,21.3,25.9,14.1,7.1,0.91,10.5,577,92.09671159979955
2079-05-31,22.0,50.9,23.6,28.9,19.0,4.6,1.02,10.1,303,86.79188108748338
2079-06-30,29.1,52.6,14.0,18.7,17.6,7.7,1.04,10.4,456,94.25600255609045
2079-07-31,41.9,75.9,12.6,26.2,41.2,34.1,3.04,7.0,543,23.90917053786694
2079-08-31,21.7,50.0,21.5,25.1,12.2,7.0,1.13,11.1,311,86.95477327724188
2079-09-30,41.3,85.7,66.1,93.4,40.0,16.4,1.29,3.5,424,30.62196897356763
2079-10-31,28.1,39.9,2.8,7.6,18.2,4.8,1.08,10.8,470,89.4390740114044
2079-11-30,25.5,43.5,5.2,9.6,24.4,8.8,0.98,11.4,284,89.51026831016786
2079-12-31,25.0,49.7,1.1,5.4,17.9,5.0,1.15,10.5,447,85.89461537622721
2080-01-31,36.8,82.8,7.3,17.9,33.2,17.0,1.9,4.3,678,39.82270864633277
2080-02-29,29.3,75.2,43.5,48.7,22.7,7.7,1.61,11.8,370,61.61529138254456
2080-03-31,24.9,56.5,2.4,7.0,18.6,6.1,1.12,13.7,333,91.34797565123152
2080-04-30,38.0,98.9,82.4,94.3,37.9,13.1,2.42,6.0,791,36.032740166692804
2080-05-31,25.9,78.4,27.5,33.5,26.0,4.3,1.03,11.2,360,94.30428819158271
2080-06-30,20.3,75.5,8.6,14.6,14.7,4.6,0.99,16.3,297,85.26775146737991
2080-07-31,25.8,77.7,21.7,29.9,13.6,6.3,0.85,12.4,549,94.6159014693252
2080-08-31,25.9,87.6,28.6,47.1,23.1,6.4,1.46,5.6,490,56.11434509183456
2080-09-30,26.1,46.3,4.7,10.9,19.3,3.2,1.18,17.6,471,93.08840290694285
2080-10-31,25.4,81.0,22.9,36.8,38.3,9.5,1.59,7.6,543,56.52693694336183
2080-11-30,36.5,78.5,4.7,11.3,30.3,13.9,1.33,6.5,412,58.61136471334636
2080-12-31,28.8,42.9,4.8,12.8,17.7,2.0,0.87,10.1,561,93.22934729126115
2081-01-31,28.0,76.0,14.1,25.0,28.4,4.2,2.3,4.6,740,32.635073569773844
2081-02-28,38.7,98.8,9.1,30.9,40.2,21.0,2.33,2.8,827,22.818365039951995
2081-03-31,26.9,59.1,21.4,33.0,22.2,9.2,1.14,5.5,398,64.6616387204864
2081-04-30,24.7,51.4,3.5,9.4,14.6,4.3,0.85,11.6,215,91.79734679378717
2081-05-31,30.7,80.6,7.6,17.9,23.6,26.6,2.18,4.2,677,39.5847531993768
2081-06-30,23.4,64.4,7.2,11.4,12.4,6.2,1.01,13.5,295,89.98384819059108
2081-07-31,31.4,51.5,6.0,15.4,22.0,11.4,1.29,6.8,370,62.92796367342398
2081-08-31,25.6,80.7,15.7,18.4,15.3,8.1,0.94,12.4,341,88.26624561114448
2081-09-30,34.4,103.1,29.2,42.2,54.4,23.6,3.37,3.7,614,24.572298231440673
2081-10-31,36.3,69.3,7.1,15.6,22.7,1.6,1.44,6.4,542,56.74855742720462
2081-11-30,29.6,56.4,17.2,35.2,20.7,4.5,1.7,6.3,649,58.74786647953275
2081-12-31,31.6,77.8,65.6,82.8,33.8,18.3,1.59,5.5,641,33.60989865776091
2082-01-31,29.3,56.4,0.5,1.5,25.0,3.4,0.88,11.2,407,94.01237171555226
2082-02-28,31.1,116.9,16.1,35.6,31.7,20.7,2.73,4.5,544,17.32388333585136
2082-03-31,34.4,100.9,4.7,14.1,47.6,21.0,2.01,5.6,771,22.028887836757722
2082-04-30,29.5,53.5,12.2,22.2,26.8,10.0,1.49,8.0,438,64.91632980610099
2082-05-31,28.6,66.0,0.8,4.2,19.4,7.1,1.11,12.7,490,89.59135575030415
2082-06-30,42.2,94.7,96.4,115.5,45.6,10.1,2.29,4.7,570,34.56434212176938
2082-07-31,36.9,84.6,58.5,75.7,39.1,13.1,1.96,4.6,609,35.1063889861049
2082-08-31,27.4,83.7,11.4,18.5,18.3,8.4,1.74,7.1,425,64.75253104484997
2082-09-30,35.7,91.0,49.9,50.3,19.0,15.4,1.94,4.2,539,34.19976265144885
2082-10-31,29.0,71.5,7.9,8.1,24.2,7.2,1.13,14.7,532,87.52706146443329
2082-11-30,22.9,71.3,6.9,12.0,11.8,3.5,1.0,13.5,485,93.00451163240245
2082-12-31,23.6,56.0,24.7,29.9,17.1,4.7,1.1,15.0,540,93.44407458930318
2083-01-31,30.9,76.7,12.4,16.2,13.7,6.9,0.73,11.2,579,93.39512895074337
2083-02-28,24.7,83.6,64.0,84.5,47.3,12.1,1.69,4.2,630,34.79370482796665
2083-03-31,37.3,82.2,11.2,32.1,36.6,17.0,1.91,3.5,831,39.20032897982126
2083-04-30,37.8,86.3,11.9,33.1,34.5,14.6,2.14,7.9,535,37.79094745350421
2083-05-31,30.7,64.8,53.2,65.6,34.6,19.9,1.91,3.8,391,30.033709204725508
2083-06-30,29.6,46.6,5.1,16.2,27.0,7.0,1.93,7.6,364,63.41274451905743
2083-07-31,42.2,87.6,95.7,115.6,42.7,18.7,2.59,6.7,707,18.48279958895975
2083-08-31,33.7,63.2,58.3,78.3,42.9,4.8,1.43,5.1,505,31.151985487874537
2083-09-30,30.9,85.8,13.2,20.0,27.7,13.3,1.58,15.5,300,55.02388748979529
2083-10-31,19.7,51.1,5.5,13.2,20.6,2.4,1.17,10.2,359,91.18275070714161
2083-11-30,34.0,88.6,22.3,35.3,20.3,10.0,1.53,5.7,333,56.09084545753671
2083-12-31,18.8,54.5,8.8,13.6,20.1,6.0,0.97,10.5,494,91.69057606703412
2084-01-31,27.3,65.1,15.1,24.5,29.0,12.8,1.54,6.9,485,57.576796692716165
2084-02-29,35.6,95.7,13.9,30.0,37.6,12.1,2.0,12.3,552,33.929912552126304
2084-03-31,33.7,59.5,13.7,21.5,19.6,2.3,1.02,11.7,511,85.95004736108812
2084-04-30,23.6,52.0,7.2,11.9,19.0,5.5,1.01,12.6,581,94.13275665545677
2084-05-31,37.7,64.9,13.5,27.2,38.4,9.6,2.23,3.6,641,32.22372322171478
2084-06-30,32.3,68.8,4.3,6.5,28.1,9.4,1.5,5.1,438,60.72461233879365
2084-07-31,29.8,75.7,4.7,13.0,21.9,10.1,1.48,5.5,351,61.22203103047995
2084-08-31,19.7,50.7,4.4,9.0,10.4,5.6,0.8,17.4,383,85.96177745775465
2084-09-30,25.9,76.9,27.2,33.0,22.2,4.9,0.9,11.6,336,93.82708773164975
2084-10-31,32.1,100.8,51.2,69.4,48.2,17.7,2.37,2.6,796,21.408004623308194
2084-11-30,36.8,71.4,5.4,46.1,41.7,6.3,2.35,2.6,846,24.793258496295046
2084-12-31,27.0,48.8,26.6,30.2,13.4,5.6,1.09,11.7,337,94.7556365666393
2085-01-31,29.8,54.4,3.6,11.2,15.0,7.4,0.75,10.5,365,88.32395012698241
2085-02-28,33.8,72.1,0.6,14.2,32.5,17.5,1.59,14.5,646,60.28107763310173
2085-03-31,25.3,54.9,0.8,6.8,27.7,4.6,0.99,12.0,279,94.52913209957362
2085-04-30,16.8,57.1,22.0,25.6,13.0,6.4,1.05,10.4,231,94.75659981074179
2085-05-31,34.0,90.1,34.4,40.7,35.8,6.2,1.42,8.8,510,56.54948374542398
2085-06-30,25.1,78.5,39.9,54.2,37.5,19.8,2.2,3.4,463,31.360812975345087
2085-07-31,30.4,91.7,8.3,19.2,36.2,18.8,2.25,3.4,417,35.116089750387104
2085-08-31,26.1,88.5,33.9,41.7,37.4,14.5,1.17,7.7,542,64.31259548983739
2085-09-30,33.6,79.4,18.1,32.1,31.7,15.3,1.86,6.1,691,33.673252055676365
2085-10-31,30.3,89.0,6.3,9.3,23.5,14.3,1.88,7.8,365,57.562720920208086
2085-11-30,32.5,89.0,12.2,34.2,38.7,13.5,1.88,5.3,688,33.19877573747481
2085-12-31,27.5,68.3,0.4,6.2,27.0,9.3,1.12,11.6,465,91.21014973773165
2086-01-31,23.9,44.8,1.0,4.7,26.0,3.5,1.02,10.6,262,86.34684154524624
2086-02-28,25.2,57.1,15.7,21.6,24.4,3.9,1.01,10.2,261,90.62809904493403
2086-03-31,32.6,82.7,71.2,87.5,30.3,15.8,2.31,6.3,712,36.17817078587893
2086-04-30,37.0,76.5,22.5,35.0,38.0,26.9,2.31,3.7,774,35.33675194554499
2086-05-31,28.0,75.5,70.0,88.9,41.7,23.3,2.42,4.2,678,36.92825843631637
2086-06-30,32.4,56.5,0.0,13.9,27.2,5.3,1.0,5.4,412,59.42927523386334
2086-07-31,41.1,70.1,45.2,60.0,28.5,15.7,2.43,6.0,759,19.740776578690173
2086-08-31,29.9,65.5,0.9,8.2,25.2,11.4,1.46,8.4,670,64.1928447543169
2086-09-30,24.2,43.1,13.7,20.4,15.7,7.6,1.04,11.3,365,87.54561526293693
2086-10-31,37.9,96.9,43.3,51.1,31.9,10.6,1.23,7.2,293,60.58826643336691
2086-11-30,43.6,93.3,75.6,90.4,33.6,17.9,1.98,9.6,425,37.30409777094012
2086-12-31,33.7,66.5,67.2,77.4,32.7,6.2,1.24,13.8,461,56.99457872122265
2087-01-31,34.7,86.1,14.6,26.3,22.2,10.6,1.8,5.8,643,61.57892508796867
2087-02-28,26.9,81.9,28.0,40.2,23.5,8.7,1.41,5.9,379,60.222707390484345
2087-03-31,18.5,64.8,8.8,11.5,14.1,5.1,0.89,10.1,428,87.06314193174758
2087-04-30,27.7,73.5,8.4,16.1,32.7,9.3,1.48,5.2,638,56.145112105127225
2087-05-31,20.9,78.1,16.9,22.9,13.2,6.9,1.09,10.4,450,87.8311899809528
2087-06-30,32.4,81.8,16.6,30.3,19.3,13.6,1.68,3.8,588,34.11619426711023
2087-07-31,29.0,84.3,8.7,14.7,31.6,11.9,1.53,10.4,475,64.92741005446518
2087-08-31,21.3,71.5,13.4,17.3,19.1,1.1,1.07,11.1,280,85.34961280700423
2087-09-30,26.4,47.9,40.7,57.5,32.1,7.0,1.79,6.1,562,57.33910931263474
2087-10-31,23.1,56.3,31.4,33.8,15.1,5.8,1.02,10.5,300,92.56399946011162
2087-11-30,27.2,84.3,17.3,22.4,13.0,5.6,1.21,13.0,539,91.01844392582815
2087-12-31,23.2,54.0,2.9,8.8,24.4,0.6,1.04,12.5,372,94.22094242929106
2088-01-31,37.5,49.5,9.5,14.9,21.7,7.3,1.64,5.4,654,56.251370091741805
2088-02-29,21.2,78.0,6.0,15.4,20.2,5.5,1.03,10.5,446,86.59735351696128
2088-03-31,25.2,52.1,1.6,4.8,21.1,4.6,1.1,11.7,230,88.09503582039416
2088-04-30,29.1,54.3,5.8,15.1,28.0,8.8,1.43,10.8,421,57.10223731656215
2088-05-31,26.8,81.2,0.9,5.7,20.3,6.6,0.93,11.0,409,87.75846964651889
2088-06-30,27.1,51.2,20.8,25.6,15.7,4.4,0.75,10.3,432,86.89680061644603
2088-07-31,38.0,78.8,1.3,9.0,23.8,0.8,2.54,5.3,755,38.06189932500797
2088-08-31,29.6,89.1,19.4,30.7,35.4,24.7,1.74,15.4,748,36.60914629126999
2088-09-30,48.4,91.7,24.0,42.3,37.5,29.3,2.35,2.9,924,20.085568730698363
2088-10-31,31.2,64.0,15.7,25.3,28.0,13.2,1.59,7.6,485,59.12369676896547
2088-11-30,23.4,52.5,1.6,10.7,16.9,3.1,1.37,8.1,396,60.264667639910016
2088-12-31,25.6,49.6,0.1,3.9,22.8,4.9,1.02,13.8,575,86.33209007213269
2089-01-31,24.5,45.3,3.6,9.0,24.4,3.8,0.9,11.2,527,85.89412688867247
2089-02-28,22.6,76.4,15.6,18.6,24.2,4.7,1.04,12.6,430,92.57313184135252
2089-03-31,23.0,40.9,21.6,25.2,21.5,3.4,1.02,14.8,215,90.06851686853847
2089-04-30,24.7,71.6,26.6,34.2,24.8,3.2,1.06,10.6,596,93.71684779559013
2089-05-31,23.9,43.0,12.2,17.2,14.1,7.2,0.93,10.5,333,92.13167845435207
2089-06-30,22.2,56.3,6.7,13.5,21.4,4.9,1.11,12.3,348,92.10374009764749
2089-07-31,28.3,75.6,0.1,8.7,10.4,4.0,1.04,12.5,518,93.84682788709713
2089-08-31,20.4,43.9,11.8,15.9,25.7,9.0,1.06,13.8,480,88.51997071125193
2089-09-30,23.8,52.1,49.8,61.3,32.5,6.3,1.72,5.7,336,56.05054734538554
2089-10-31,26.1,65.4,10.2,14.0,23.1,7.1,1.01,12.2,379,91.47179265609955
2089-11-30,41.9,81.3,11.4,23.3,31.2,11.5,1.98,5.5,459,33.58011001164802
2089-12-31,34.6,65.2,47.0,59.9,24.4,15.6,2.15,7.0,771,39.83060410388133
2090-01-31,45.0,115.0,18.8,45.3,45.3,17.9,2.73,3.3,615,24.66397530564439
2090-02-28,33.8,68.1,5.4,13.6,30.6,12.1,1.88,6.8,575,56.38624584647733
2090-03-31,25.6,57.4,2.2,6.4,12.2,5.0,1.19,18.9,392,88.98112891473455
2090-04-30,41.4,61.5,17.6,41.6,32.9,11.4,2.78,4.6,593,32.633539285473105
2090-05-31,34.9,76.2,7.3,17.0,24.4,2.9,1.59,10.2,660,60.98447182009009
2090-06-30,19.7,62.7,22.4,27.5,19.4,3.1,1.18,10.6,396,85.77623388867102
2090-07-31,23.0,44.5,2.3,10.6,13.7,6.3,1.13,11.5,537,94.05877478586467
2090-08-31,30.5,76.2,26.8,46.5,40.0,9.3,2.4,9.9,624,37.39977959794077
2090-09-30,39.0,107.1,11.2,29.4,44.6,19.3,3.65,2.8,713,20.070851567182054
2090-10-31,22.8,76.0,12.3,22.0,27.1,12.2,1.54,12.1,577,62.07045421942651
2090-11-30,27.8,56.8,2.5,9.5,12.5,7.0,1.04,12.1,258,93.64578865189252
2090-12-31,29.0,81.3,60.0,76.1,24.2,5.8,1.05,6.4,511,56.54366863637034
2091-01-31,41.8,75.4,23.7,34.7,37.7,6.8,1.42,5.9,527,36.06592868948725
2091-02-28,26.8,91.1,16.6,21.3,25.8,6.4,1.72,7.7,571,61.894754573959446
2091-03-31,30.7,81.9,0.5,11.4,26.4,20.0,1.71,5.2,650,55.86343113909898
2091-04-30,30.4,90.7,91.5,98.9,22.1,9.6,1.52,5.3,598,61.744651435072555
2091-05-31,28.1,93.7,35.0,50.7,46.0,19.4,1.66,4.0,487,32.775121209415836
2091-06-30,25.0,87.3,49.8,70.3,35.2,15.4,2.85,4.7,680,22.310036993951556
2091-07-31,41.1,82.1,30.0,52.7,35.7,14.9,2.46,4.0,654,32.803732130812115
2091-08-31,28.3,72.7,56.8,70.2,34.4,10.3,1.75,5.1,486,38.18079075411943
2091-09-30,37.9,79.6,28.0,37.4,33.2,13.6,1.93,4.9,608,32.833168802297294
2091-10-31,42.5,108.2,109.2,116.8,43.5,21.2,2.07,4.6,741,16.351209227105493
2091-11-30,29.9,86.3,8.3,19.9,21.0,7.9,1.44,9.1,487,60.992918290994155
2091-12-31,32.0,101.4,60.3,78.5,45.4,25.0,3.01,4.3,698,19.629717171133635
2092-01-31,33.8,53.7,11.2,30.1,25.8,10.6,1.23,5.3,640,57.0352553549104
2092-02-29,22.0,56.3,5.7,12.5,16.8,6.1,1.01,12.2,230,88.93830006354122
2092-03-31,21.3,41.7,6.9,10.9,21.2,3.7,1.0,12.8,298,93.28305649258597
2092-04-30,26.8,76.1,3.8,10.1,25.1,4.7,1.01,10.3,394,89.91239066091867
2092-05-31,22.6,70.7,0.8,7.4,26.3,1.8,1.07,10.8,481,86.29678934942753
2092-06-30,32.1,75.6,16.2,21.1,18.9,12.4,1.44,9.3,405,59.387623708193644
2092-07-31,35.2,86.4,47.2,61.0,21.7,13.8,2.24,3.7,514,37.86698652389098
2092-08-31,46.1,80.5,42.3,58.5,32.1,28.4,2.4,2.7,705,22.983086665355426
2092-09-30,29.2,54.0,2.5,8.7,27.7,10.5,1.4,5.7,327,62.096035167807955
2092-10-31,26.0,71.5,31.4,34.6,21.3,3.9,0.97,12.7,463,86.13297969485556
2092-11-30,45.2,93.2,51.2,79.2,35.4,23.3,2.16,3.7,565,21.202789436015223
2092-12-31,22.6,40.8,4.6,10.6,20.9,5.7,1.11,12.6,315,85.17767012822817
2093-01-31,24.0,51.2,14.1,16.5,26.0,7.4,0.97,10.2,264,91.40525943812467
2093-02-28,27.4,77.3,12.9,21.1,16.4,15.8,1.81,8.0,406,57.61532615866139
2093-03-31,32.6,79.6,42.8,51.4,14.1,13.3,1.55,7.5,633,58.66012802918771
2093-04-30,22.2,57.5,3.6,5.6,16.7,7.6,0.86,11.6,460,85.49759112530943
